TEAM,POS,1_NM,1_TM,1_P,2_NM,2_TM,2_P,3_NM,3_TM,3_P,4_NM,4_TM,4_P,5_NM,5_TM,5_P,6_NM,6_TM,6_P,7_NM,7_TM,7_P,8_NM,8_TM,8_P,9_NM,9_TM,9_P,10_NM,10_TM,10_P,11_NM,11_TM,11_P,12_NM,12_TM,12_P,13_NM,13_TM,13_P,14_NM,14_TM,14_P,15_NM,15_TM,15_P,16_NM,16_TM,16_P
ARI,QB,Spencer Rattler,NO,11.46,Bryce Young,CAR,22.32,Mac Jones,SF,14.26,Sam Darnold,SEA,16.08,Cam Ward,TEN,9,Daniel Jones,IND,23.48,Jordan Love,GB,13.36,BYE,BYE,BYE,Dak Prescott,DAL,16.4,Sam Darnold,SEA,5.92,Brock Purdy,SF,19.3,Trevor Lawrence,JAX,20.14,Baker Mayfield,TB,14.46,Matthew Stafford,LAR,23.24,C.J. Stroud,HOU,23.4,Kirk Cousins,ATL,18.58
ARI,RB,Alvin Kamara,NO,13.7,Chuba Hubbard,CAR,18.7,Christian McCaffrey,SF,24,Zach Charbonnet,SEA,12.4,Tony Pollard,TEN,14.8,Jonathan Taylor,IND,23.7,Josh Jacobs,GB,18.8,BYE,BYE,BYE,Javonte Williams,DAL,7.3,Zach Charbonnet,SEA,14.3,Christian McCaffrey,SF,35.1,Travis Etienne,JAX,20.6,Bucky Irving,TB,16.1,Blake Corum,LAR,26.1,Woody Marks,HOU,10.8,Bijan Robinson,ATL,29.8
ARI,RB,Kendre Miller,NO,2.4,Rico Dowdle,CAR,2.9,Brian Robinson,SF,2.2,Kenneth Walker III,SEA,12,Tyjae Spears,TEN,1.4,–,–,–,Emanuel Wilson,GB,2.5,BYE,BYE,BYE,–,–,–,George Holani,SEA,9.1,Brian Robinson,SF,2.4,Bhayshul Tuten,JAX,1.7,Rachaad White,TB,5.9,Kyren Williams,LAR,17.7,–,–,–,Tyler Allgeier,ATL,8.3
ARI,RB,Devin Neal,NO,0.9,Trevor Etienne,CAR,1.2,–,–,–,–,–,–,Julius Chestnut,TEN,0.3,–,–,–,–,–,–,BYE,BYE,BYE,–,–,–,Kenneth Walker III,SEA,8,–,–,–,LeQuint Allen,JAX,0.2,–,–,–,–,–,–,–,–,–,–,–,–
ARI,WR,Chris Olave,NO,12.4,Hunter Renfrow,CAR,23.8,Ricky Pearsall,SF,19.7,Jaxon Smith-Njigba,SEA,13,Calvin Ridley,TEN,18.1,Josh Downs,IND,16.2,Romeo Doubs,GB,13.2,BYE,BYE,BYE,CeeDee Lamb,DAL,15.5,Jaxon Smith-Njigba,SEA,20.3,Jauan Jennings,SF,9.4,Parker Washington,JAX,18.1,Chris Godwin,TB,10.8,Puka Nacua,LAR,35.7,Nico Collins,HOU,23.5,Drake London,ATL,5.7
ARI,WR,Rashid Shaheed,NO,9.3,Tetairoa McMillan,CAR,16,Kendrick Bourne,SF,7.8,Cooper Kupp,SEA,6.6,Elic Ayomanor,TEN,3.8,Alec Pierce,IND,6.8,Matthew Golden,GB,7.7,BYE,BYE,BYE,George Pickens,DAL,13.9,Cooper Kupp,SEA,9.4,Demarcus Robinson,SF,2.3,Jakobi Meyers,JAX,15,Emeka Egbuka,TB,8.2,Davante Adams,LAR,6.9,Xavier Hutchinson,HOU,2.6,Darnell Mooney,ATL,4.4
ARI,WR,Brandin Cooks,NO,5.6,Xavier Legette,CAR,0.8,Skyy Moore,SF,2,Jake Bobo,SEA,2.7,Chimere Dike,TEN,3.7,Michael Pittman,IND,4,Dontayvion Wicks,GB,1.5,BYE,BYE,BYE,Ryan Flournoy,DAL,9.2,Rashid Shaheed,SEA,3.3,Ricky Pearsall,SF,1,–,–,–,Sterling Shepard,TB,1.5,Jordan Whittington,LAR,1.5,Jayden Higgins,HOU,1.4,–,–,–
ARI,WR,Devaughn Vele,NO,2.3,–,–,–,Marquez Valdes-Scantling,SF,1.9,Tory Horton,SEA,2,Tyler Lockett,TEN,1.6,–,–,–,–,–,–,BYE,BYE,BYE,KaVontae Turpin,DAL,3.3,–,–,–,–,–,–,–,–,–,Tez Johnson,TB,1.5,Konata Mumpfield,LAR,1.5,–,–,–,–,–,–
ARI,TE,Juwan Johnson,NO,15.6,Ja'Tavion Sanders,CAR,12.4,Jake Tonges,SF,4.1,AJ Barner,SEA,12.2,Chigoziem Okonkwo,TEN,8.8,Tyler Warren,IND,18.3,Tucker Kraft,GB,16.8,BYE,BYE,BYE,Jake Ferguson,DAL,8,Elijah Arroyo,SEA,1.5,George Kittle,SF,24.7,Brenton Strange,JAX,14.3,Cade Otton,TB,2.9,Colby Parkinson,LAR,12.2,Dalton Schultz,HOU,21.6,Kyle Pitts,ATL,18.7
ARI,TE,–,–,–,Tommy Tremble,CAR,5,–,–,–,Elijah Arroyo,SEA,6.4,Gunnar Helm,TEN,7.4,–,–,–,–,–,–,BYE,BYE,BYE,Luke Schoonmaker,DAL,2.4,AJ Barner,SEA,0.3,–,–,–,–,–,–,–,–,–,Davis Allen,LAR,4.1,Cade Stover,HOU,5.2,–,–,–
ATL,QB,Baker Mayfield,TB,22.58,J.J. McCarthy,MIN,4.82,Bryce Young,CAR,11.64,Marcus Mariota,WAS,17.24,BYE,BYE,BYE,Josh Allen,BUF,17.4,Mac Jones,SF,6.18,Tua Tagovailoa,MIA,24.2,Drake Maye,NE,17.36,Daniel Jones,IND,16.5,Bryce Young,CAR,31.82,Tyler Shough,NO,8.92,Tyrod Taylor,NYJ,21.28,Sam Darnold,SEA,23.26,Baker Mayfield,TB,20.18,Jacoby Brissett,ARI,11.62
ATL,RB,Bucky Irving,TB,14.5,Jordan Mason,MIN,5.8,Rico Dowdle,CAR,10.8,Jacory Croskey-Merritt,WAS,7.7,BYE,BYE,BYE,Ray Davis,BUF,9.9,Christian McCaffrey,SF,39.1,De'Von Achane,MIA,20.1,TreVeyon Henderson,NE,12.7,Jonathan Taylor,IND,49.6,Rico Dowdle,CAR,15,Devin Neal,NO,11.1,Breece Hall,NYJ,15.6,Zach Charbonnet,SEA,8.6,Bucky Irving,TB,8.1,Michael Carter,ARI,6.5
ATL,RB,Rachaad White,TB,2.6,Aaron Jones,MIN,2.3,Chuba Hubbard,CAR,9.6,Chris Rodriguez,WAS,5.9,BYE,BYE,BYE,James Cook,BUF,8.7,Brian Robinson,SF,3.6,Ollie Gordon,MIA,13.6,–,–,–,Tyler Goodson,IND,0.4,Chuba Hubbard,CAR,3.8,Alvin Kamara,NO,3.5,–,–,–,Kenneth Walker III,SEA,3.8,Sean Tucker,TB,6.7,Emari Demercado,ARI,3
ATL,RB,Sean Tucker,TB,0.2,–,–,–,–,–,–,Jeremy McNichols,WAS,1.3,BYE,BYE,BYE,Ty Johnson,BUF,2.6,–,–,–,Jaylen Wright,MIA,3.8,–,–,–,–,–,–,Trevor Etienne,CAR,0.2,–,–,–,–,–,–,–,–,–,Rachaad White,TB,3.6,–,–,–
ATL,RB,–,–,–,–,–,–,Trevor Etienne,CAR,-2,–,–,–,BYE,BYE,BYE,–,–,–,–,–,–,–,–,–,–,–,–,–,–,–,–,–,–,–,–,–,–,–,–,–,–,–,–,–,–,–,–,–
ATL,WR,Emeka Egbuka,TB,23.6,Justin Jefferson,MIN,11.1,Tetairoa McMillan,CAR,7.8,Deebo Samuel,WAS,20.1,BYE,BYE,BYE,Joshua Palmer,BUF,8,Jauan Jennings,SF,7.1,Jaylen Waddle,MIA,20.9,Demario Douglas,NE,20,Alec Pierce,IND,18.4,Tetairoa McMillan,CAR,33,Chris Olave,NO,16,Adonai Mitchell,NYJ,24.2,Jaxon Smith-Njigba,SEA,28.1,Mike Evans,TB,19.2,Michael Wilson,ARI,13.2
ATL,WR,Mike Evans,TB,10.1,Jalen Nailor,MIN,6.1,Hunter Renfrow,CAR,2.6,Luke McCaffrey,WAS,10.1,BYE,BYE,BYE,Khalil Shakir,BUF,6.3,Kendrick Bourne,SF,3.4,Malik Washington,MIA,13.6,Stefon Diggs,NE,12.8,Michael Pittman,IND,3.9,Xavier Legette,CAR,18.3,Devaughn Vele,NO,6.7,John Metchie,NYJ,5.7,Rashid Shaheed,SEA,16.7,Chris Godwin,TB,14,Marvin Harrison Jr.,ARI,2.4
ATL,WR,Sterling Shepard,TB,6.9,Adam Thielen,MIN,4.6,–,–,–,Jaylin Lane,WAS,3.8,BYE,BYE,BYE,Keon Coleman,BUF,4.1,Skyy Moore,SF,2.5,Nick Westbrook-Ikhine,MIA,2.8,Mack Hollins,NE,2.9,Ashton Dulin,IND,2.2,Jalen Coker,CAR,11.2,Mason Tipton,NO,6.3,Allen Lazard,NYJ,2,Cooper Kupp,SEA,11.5,Emeka Egbuka,TB,10.4,–,–,–
ATL,WR,–,–,–,–,–,–,–,–,–,–,–,–,BYE,BYE,BYE,–,–,–,–,–,–,–,–,–,–,–,–,Josh Downs,IND,1.3,–,–,–,–,–,–,–,–,–,–,–,–,Jalen McMillan,TB,5.8,–,–,–
ATL,TE,–,–,–,T.J. Hockenson,MIN,2.2,Tommy Tremble,CAR,3.6,Zach Ertz,WAS,6.1,BYE,BYE,BYE,Dawson Knox,BUF,8.9,–,–,–,–,–,–,Hunter Henry,NE,9.1,Tyler Warren,IND,17.9,Tommy Tremble,CAR,6.4,Juwan Johnson,NO,10.6,Mason Taylor,NYJ,4.1,AJ Barner,SEA,5.7,–,–,–,Elijah Higgins,ARI,16.1
ATL,TE,–,–,–,–,–,–,Ja'Tavion Sanders,CAR,3.1,–,–,–,BYE,BYE,BYE,–,–,–,–,–,–,–,–,–,Austin Hooper,NE,3,–,–,–,Ja'Tavion Sanders,CAR,6.2,Taysom Hill,NO,1.7,Jeremy Ruckert,NYJ,3.2,–,–,–,–,–,–,Trey McBride,ARI,6.7
ATL,TE,–,–,–,–,–,–,–,–,–,–,–,–,BYE,BYE,BYE,–,–,–,–,–,–,–,–,–,–,–,–,–,–,–,Mitchell Evans,CAR,4.8,–,–,–,–,–,–,–,–,–,–,–,–,–,–,–
BAL,QB,Josh Allen,BUF,38.76,Joe Flacco,CLE,9.76,Jared Goff,DET,12.68,Patrick Mahomes,KC,27.3,C.J. Stroud,HOU,28.76,Matthew Stafford,LAR,9.34,BYE,BYE,BYE,Caleb Williams,CHI,12.8,Tua Tagovailoa,MIA,9.54,J.J. McCarthy,MIN,16.72,Dillon Gabriel,CLE,2.92,Tyrod Taylor,NYJ,13.78,Joe Burrow,CIN,19.24,Aaron Rodgers,PIT,21.46,Joe Burrow,CIN,7.5,Drake Maye,NE,24.7
BAL,QB,–,–,–,Dillon Gabriel,CLE,4.76,–,–,–,Gardner Minshew,KC,-0.3,Davis Mills,HOU,1.22,–,–,–,BYE,BYE,BYE,–,–,–,–,–,–,–,–,–,Shedeur Sanders,CLE,2.48,–,–,–,–,–,–,–,–,–,–,–,–,–,–,–
BAL,RB,James Cook,BUF,21.2,Dylan Sampson,CLE,10.9,David Montgomery,DET,29.4,Isiah Pacheco,KC,12.8,Nick Chubb,HOU,12.1,Kyren Williams,LAR,16.7,BYE,BYE,BYE,D'Andre Swift,CHI,15.1,De'Von Achane,MIA,16.6,Aaron Jones,MIN,15.9,Quinshon Judkins,CLE,5.9,Breece Hall,NYJ,13.9,Chase Brown,CIN,18.3,Kenneth Gainwell,PIT,16.2,Chase Brown,CIN,16,Rhamondre Stevenson,NE,17.8
BAL,RB,Ty Johnson,BUF,2.4,Jerome Ford,CLE,10.4,Jahmyr Gibbs,DET,26.9,Brashard Smith,KC,6.6,Woody Marks,HOU,2.4,Blake Corum,LAR,2.3,BYE,BYE,BYE,Kyle Monangai,CHI,2.4,Ollie Gordon,MIA,1.9,Jordan Mason,MIN,4.1,Dylan Sampson,CLE,1.9,Isaiah Davis,NYJ,0.7,Samaje Perine,CIN,5.4,Jaylen Warren,PIT,15.2,Samaje Perine,CIN,5.3,TreVeyon Henderson,NE,2.2
BAL,RB,Ray Davis,BUF,1.1,Quinshon Judkins,CLE,10.1,–,–,–,Kareem Hunt,KC,5.7,Dameon Pierce,HOU,2.1,–,–,–,BYE,BYE,BYE,–,–,–,–,–,–,–,–,–,Jerome Ford,CLE,0.2,–,–,–,–,–,–,Kaleb Johnson,PIT,0.4,–,–,–,–,–,–
BAL,WR,Keon Coleman,BUF,25.2,Cedric Tillman,CLE,10.2,Amon-Ra St. Brown,DET,20.7,Xavier Worthy,KC,17.1,Xavier Hutchinson,HOU,16.8,Davante Adams,LAR,7.9,BYE,BYE,BYE,Rome Odunze,CHI,18.4,Jaylen Waddle,MIA,14.2,Jalen Nailor,MIN,23.4,Cedric Tillman,CLE,8.2,John Metchie,NYJ,18.5,Ja'Marr Chase,CIN,18,DK Metcalf,PIT,21.8,Ja'Marr Chase,CIN,23.2,Stefon Diggs,NE,22.8
BAL,WR,Khalil Shakir,BUF,12.4,Jerry Jeudy,CLE,9.1,Jameson Williams,DET,6.3,JuJu Smith-Schuster,KC,13.6,Nico Collins,HOU,16,Jordan Whittington,LAR,5.3,BYE,BYE,BYE,D.J. Moore,CHI,11.6,Malik Washington,MIA,7.1,Justin Jefferson,MIN,7.7,Jerry Jeudy,CLE,5.1,Adonai Mitchell,NYJ,6.2,Andrei Iosivas,CIN,9.9,Calvin Austin III,PIT,4.1,–,–,–,Mack Hollins,NE,13.9
BAL,WR,Joshua Palmer,BUF,11.1,Isaiah Bond,CLE,2.5,Kalif Raymond,DET,1.4,Marquise Brown,KC,12.8,Christian Kirk,HOU,10.4,Puka Nacua,LAR,4.8,BYE,BYE,BYE,Olamide Zaccheaus,CHI,10.3,Nick Westbrook-Ikhine,MIA,4.2,Jordan Addison,MIN,6.5,Malachi Corley,CLE,2.9,Allen Lazard,NYJ,1.9,–,–,–,Ben Skowronek,PIT,2.3,–,–,–,Kyle Williams,NE,12.6
BAL,WR,Elijah Moore,BUF,2.1,Jamari Thrash,CLE,1.5,–,–,–,Tyquan Thornton,KC,8.1,Jaylin Noel,HOU,9.8,Konata Mumpfield,LAR,1.7,BYE,BYE,BYE,Devin Duvernay,CHI,1.2,Tahj Washington,MIA,0.1,Adam Thielen,MIN,3.6,Isaiah Bond,CLE,0.8,Arian Smith,NYJ,0.8,–,–,–,–,–,–,–,–,–,Kayshon Boutte,NE,2.6
BAL,WR,–,–,–,–,–,–,–,–,–,–,–,–,Jayden Higgins,HOU,7.2,–,–,–,BYE,BYE,BYE,Luther Burden,CHI,0.9,–,–,–,–,–,–,–,–,–,–,–,–,–,–,–,–,–,–,–,–,–,Demario Douglas,NE,1.6
BAL,TE,Dalton Kincaid,BUF,14.8,Harold Fannin,CLE,9.8,Sam LaPorta,DET,7.3,Travis Kelce,KC,9.8,Dalton Schultz,HOU,11,Tyler Higbee,LAR,14,BYE,BYE,BYE,Colston Loveland,CHI,6.8,Greg Dulcich,MIA,9.9,T.J. Hockenson,MIN,2.8,Harold Fannin,CLE,4.6,Mason Taylor,NYJ,5.1,Mike Gesicki,CIN,3.9,Pat Freiermuth,PIT,2.9,Drew Sample,CIN,3.2,Hunter Henry,NE,15.5
BAL,TE,Dawson Knox,BUF,4,David Njoku,CLE,8,–,–,–,Noah Gray,KC,1.1,Harrison Bryant,HOU,1.5,Davis Allen,LAR,1.7,BYE,BYE,BYE,–,–,–,–,–,–,–,–,–,David Njoku,CLE,1.7,–,–,–,Drew Sample,CIN,2.7,Darnell Washington,PIT,2.2,Mike Gesicki,CIN,2.1,Austin Hooper,NE,5.4
BAL,TE,–,–,–,–,–,–,–,–,–,–,–,–,–,–,–,–,–,–,BYE,BYE,BYE,–,–,–,–,–,–,–,–,–,–,–,–,–,–,–,Noah Fant,CIN,1.3,–,–,–,–,–,–,–,–,–
BUF,QB,Lamar Jackson,BAL,29.36,Tyrod Taylor,NYJ,8.34,Tua Tagovailoa,MIA,13.84,Spencer Rattler,NO,13.94,Drake Maye,NE,12.12,Michael Penix Jr.,ATL,14.6,BYE,BYE,BYE,Andy Dalton,CAR,2.1,Patrick Mahomes,KC,11.5,Tua Tagovailoa,MIA,12.82,Baker Mayfield,TB,17.82,Davis Mills,HOU,14.52,Aaron Rodgers,PIT,2.68,Joe Burrow,CIN,25.36,Drake Maye,NE,21.5,Shedeur Sanders,CLE,13.18
BUF,QB,–,–,–,Justin Fields,NYJ,3.98,–,–,–,–,–,–,–,–,–,–,–,–,BYE,BYE,BYE,–,–,–,–,–,–,–,–,–,–,–,–,–,–,–,–,–,–,–,–,–,–,–,–,–,–,–
BUF,RB,Derrick Henry,BAL,29.2,Breece Hall,NYJ,5.8,De'Von Achane,MIA,16.1,Kendre Miller,NO,12.5,Rhamondre Stevenson,NE,14.7,Bijan Robinson,ATL,35.8,BYE,BYE,BYE,Chuba Hubbard,CAR,9.4,Kareem Hunt,KC,12.5,De'Von Achane,MIA,40.5,Sean Tucker,TB,34,Woody Marks,HOU,7.9,Jaylen Warren,PIT,12.4,Chase Brown,CIN,18.5,TreVeyon Henderson,NE,30.1,Quinshon Judkins,CLE,10.1
BUF,RB,Rasheen Ali,BAL,0.5,Isaiah Davis,NYJ,1.6,Ollie Gordon,MIA,9.8,Alvin Kamara,NO,11.2,TreVeyon Henderson,NE,4.7,Tyler Allgeier,ATL,10.8,BYE,BYE,BYE,Rico Dowdle,CAR,5.4,Brashard Smith,KC,0.7,Jaylen Wright,MIA,1.7,Rachaad White,TB,8.2,Nick Chubb,HOU,2.5,Kenneth Gainwell,PIT,6.5,Samaje Perine,CIN,4.8,Rhamondre Stevenson,NE,10.7,Raheim Sanders,CLE,5.6
BUF,RB,–,–,–,Braelon Allen,NYJ,1.1,–,–,–,–,–,–,Antonio Gibson,NE,3.6,–,–,–,BYE,BYE,BYE,Trevor Etienne,CAR,1.6,–,–,–,–,–,–,–,–,–,–,–,–,Kaleb Johnson,PIT,0.3,–,–,–,–,–,–,–,–,–
BUF,RB,Justice Hill,BAL,-0.1,–,–,–,–,–,–,–,–,–,–,–,–,–,–,–,BYE,BYE,BYE,–,–,–,–,–,–,–,–,–,–,–,–,–,–,–,–,–,–,–,–,–,–,–,–,–,–,–
BUF,WR,Zay Flowers,BAL,28.1,Garrett Wilson,NYJ,9,Tyreek Hill,MIA,15.9,Chris Olave,NO,10,Stefon Diggs,NE,24.6,Drake London,ATL,31.8,BYE,BYE,BYE,Tetairoa McMillan,CAR,16.9,Rashee Rice,KC,18.6,Jaylen Waddle,MIA,19.4,Sterling Shepard,TB,10.1,Christian Kirk,HOU,16.4,DK Metcalf,PIT,6.2,Tee Higgins,CIN,27.2,Mack Hollins,NE,8.1,Malachi Corley,CLE,6.1
BUF,WR,DeAndre Hopkins,BAL,11.5,Arian Smith,NYJ,0.8,Jaylen Waddle,MIA,14.9,Rashid Shaheed,NO,9.2,Kayshon Boutte,NE,7.3,–,–,–,BYE,BYE,BYE,Jalen Coker,CAR,6.6,Marquise Brown,KC,9.3,Malik Washington,MIA,9.3,Emeka Egbuka,TB,9,Jayden Higgins,HOU,13.8,Isaiah Hodgins,PIT,1.4,Ja'Marr Chase,CIN,10.2,Stefon Diggs,NE,5.6,Jerry Jeudy,CLE,4.2
BUF,WR,Rashod Bateman,BAL,3,–,–,–,Malik Washington,MIA,6.2,Brandin Cooks,NO,5.2,Demario Douglas,NE,3.7,–,–,–,BYE,BYE,BYE,Xavier Legette,CAR,3.7,Xavier Worthy,KC,6,Nick Westbrook-Ikhine,MIA,1.7,Tez Johnson,TB,1.6,Nico Collins,HOU,8.5,–,–,–,Andrei Iosivas,CIN,3.7,Kayshon Boutte,NE,4,Isaiah Bond,CLE,2
BUF,WR,–,–,–,–,–,–,–,–,–,–,–,–,–,–,–,–,–,–,BYE,BYE,BYE,Jimmy Horn,CAR,0.9,JuJu Smith-Schuster,KC,1.2,–,–,–,–,–,–,Jaylin Noel,HOU,1.9,–,–,–,–,–,–,Demario Douglas,NE,0.5,Cedric Tillman,CLE,1.8
BUF,WR,–,–,–,–,–,–,–,–,–,–,–,–,–,–,–,–,–,–,BYE,BYE,BYE,–,–,–,–,–,–,–,–,–,–,–,–,Xavier Hutchinson,HOU,0.9,–,–,–,–,–,–,–,–,–,–,–,–
BUF,TE,Mark Andrews,BAL,1.5,Jeremy Ruckert,NYJ,7.5,–,–,–,Juwan Johnson,NO,5.8,Hunter Henry,NE,6.6,Kyle Pitts,ATL,4.8,BYE,BYE,BYE,Ja'Tavion Sanders,CAR,4.9,Travis Kelce,KC,12.6,Greg Dulcich,MIA,3.2,Cade Otton,TB,4.8,Dalton Schultz,HOU,1.8,Darnell Washington,PIT,6.5,Mike Gesicki,CIN,20.6,Hunter Henry,NE,2.8,Harold Fannin,CLE,19.5
BUF,TE,–,–,–,Mason Taylor,NYJ,1.5,–,–,–,–,–,–,–,–,–,–,–,–,BYE,BYE,BYE,Tommy Tremble,CAR,1.4,–,–,–,–,–,–,–,–,–,–,–,–,Jonnu Smith,PIT,1.6,Noah Fant,CIN,2.5,–,–,–,–,–,–
CAR,QB,Trevor Lawrence,JAX,11.32,Kyler Murray,ARI,15,Michael Penix Jr.,ATL,5.78,Drake Maye,NE,23.22,Tua Tagovailoa,MIA,22.74,Dak Prescott,DAL,22.34,Tyrod Taylor,NYJ,4.14,Josh Allen,BUF,23.22,Jordan Love,GB,10.02,Tyler Shough,NO,18.98,Michael Penix Jr.,ATL,7.9,Brock Purdy,SF,10.32,Matthew Stafford,LAR,13.62,BYE,BYE,BYE,Tyler Shough,NO,18.08,Baker Mayfield,TB,13.7
CAR,QB,–,–,–,–,–,–,Kirk Cousins,ATL,1.16,–,–,–,–,–,–,–,–,–,Justin Fields,NYJ,4.04,–,–,–,–,–,–,–,–,–,Kirk Cousins,ATL,2.12,–,–,–,–,–,–,BYE,BYE,BYE,–,–,–,–,–,–
CAR,RB,Travis Etienne,JAX,18.6,James Conner,ARI,12.2,Bijan Robinson,ATL,16.1,TreVeyon Henderson,NE,12.6,De'Von Achane,MIA,16.6,Javonte Williams,DAL,8.4,Breece Hall,NYJ,7.2,James Cook,BUF,33.6,Josh Jacobs,GB,20,Alvin Kamara,NO,14.5,Bijan Robinson,ATL,30.3,Christian McCaffrey,SF,27.2,Blake Corum,LAR,14.1,BYE,BYE,BYE,Devin Neal,NO,10.2,Rachaad White,TB,8
CAR,RB,LeQuint Allen,JAX,2.1,Trey Benson,ARI,8.4,Tyler Allgeier,ATL,1.4,Antonio Gibson,NE,8.7,–,–,–,–,–,–,Isaiah Davis,NYJ,5.2,Ray Davis,BUF,1.6,Chris Brooks,GB,4.4,Devin Neal,NO,6.1,Tyler Allgeier,ATL,9.6,Brian Robinson,SF,5.4,Kyren Williams,LAR,13.2,BYE,BYE,BYE,–,–,–,Bucky Irving,TB,7.1
CAR,RB,Bhayshul Tuten,JAX,1.1,–,–,–,–,–,–,Rhamondre Stevenson,NE,5.1,–,–,–,–,–,–,–,–,–,Ty Johnson,BUF,0.6,Emanuel Wilson,GB,2.7,–,–,–,–,–,–,–,–,–,–,–,–,BYE,BYE,BYE,–,–,–,Sean Tucker,TB,6.3
CAR,RB,–,–,–,–,–,–,–,–,–,–,–,–,Ollie Gordon,MIA,-0.2,–,–,–,–,–,–,–,–,–,–,–,–,–,–,–,–,–,–,–,–,–,–,–,–,BYE,BYE,BYE,–,–,–,–,–,–
CAR,WR,Travis Hunter,JAX,9.3,Michael Wilson,ARI,8.1,Drake London,ATL,10.5,Stefon Diggs,NE,16.1,Jaylen Waddle,MIA,23,George Pickens,DAL,31.8,Tyler Johnson,NYJ,9,Khalil Shakir,BUF,20.8,Romeo Doubs,GB,16.1,Chris Olave,NO,21.4,Drake London,ATL,18.9,Jauan Jennings,SF,15.1,Davante Adams,LAR,21.8,BYE,BYE,BYE,Chris Olave,NO,20.5,Mike Evans,TB,14.1
CAR,WR,Brian Thomas Jr.,JAX,9,Marvin Harrison Jr.,ARI,4.7,Darnell Mooney,ATL,8.4,Mack Hollins,NE,7.4,Malik Washington,MIA,4,Jalen Tolbert,DAL,1.8,Josh Reynolds,NYJ,5.9,Keon Coleman,BUF,6,Christian Watson,GB,7.8,Devaughn Vele,NO,2.5,Darnell Mooney,ATL,6.4,Ricky Pearsall,SF,2.8,Puka Nacua,LAR,13.2,BYE,BYE,BYE,Devaughn Vele,NO,11.9,Chris Godwin,TB,8
CAR,WR,Dyami Brown,JAX,8.8,Greg Dortch,ARI,2.1,Ray-Ray McCloud,ATL,4,Kayshon Boutte,NE,2.8,–,–,–,–,–,–,Allen Lazard,NYJ,3.6,Elijah Moore,BUF,2.4,Matthew Golden,GB,2.9,–,–,–,–,–,–,Demarcus Robinson,SF,1.8,–,–,–,BYE,BYE,BYE,Mason Tipton,NO,1.1,Emeka Egbuka,TB,5
CAR,WR,–,–,–,–,–,–,–,–,–,–,–,–,–,–,–,–,–,–,Arian Smith,NYJ,1,–,–,–,Malik Heath,GB,2.1,–,–,–,–,–,–,–,–,–,–,–,–,BYE,BYE,BYE,–,–,–,Jalen McMillan,TB,3.6
CAR,WR,–,–,–,–,–,–,–,–,–,–,–,–,–,–,–,–,–,–,–,–,–,–,–,–,Savion Williams,GB,1.2,–,–,–,–,–,–,–,–,–,–,–,–,BYE,BYE,BYE,–,–,–,Tez Johnson,TB,0.9
CAR,WR,–,–,–,–,–,–,–,–,–,Kyle Williams,NE,-0.2,–,–,–,–,–,–,–,–,–,–,–,–,–,–,–,–,–,–,–,–,–,–,–,–,–,–,–,BYE,BYE,BYE,–,–,–,–,–,–
CAR,TE,Brenton Strange,JAX,9.9,Trey McBride,ARI,13.8,Kyle Pitts,ATL,7.9,Hunter Henry,NE,11.9,Darren Waller,MIA,18.8,Jake Ferguson,DAL,12.3,Mason Taylor,NYJ,6.1,Dalton Kincaid,BUF,3.3,Luke Musgrave,GB,6.4,Juwan Johnson,NO,19.2,Kyle Pitts,ATL,3.4,George Kittle,SF,13.8,Colby Parkinson,LAR,6.7,BYE,BYE,BYE,Juwan Johnson,NO,7,Cade Otton,TB,3.5
CAR,TE,Hunter Long,JAX,7.6,Elijah Higgins,ARI,6.5,–,–,–,Austin Hooper,NE,3.4,–,–,–,Luke Schoonmaker,DAL,1.8,–,–,–,Dawson Knox,BUF,2.5,Tucker Kraft,GB,4,Foster Moreau,NO,3.6,–,–,–,–,–,–,Davis Allen,LAR,1.4,BYE,BYE,BYE,Taysom Hill,NO,0.2,–,–,–
CAR,TE,–,–,–,–,–,–,–,–,–,–,–,–,–,–,–,–,–,–,–,–,–,–,–,–,–,–,–,Taysom Hill,NO,2,–,–,–,–,–,–,–,–,–,BYE,BYE,BYE,–,–,–,–,–,–
CHI,QB,J.J. McCarthy,MIN,23.22,Jared Goff,DET,33.96,Dak Prescott,DAL,14.04,Geno Smith,LV,12.78,BYE,BYE,BYE,Jayden Daniels,WAS,22.64,Spencer Rattler,NO,13.52,Tyler Huntley,BAL,16.74,Joe Flacco,CIN,32.7,Jaxson Dart,NYG,26.28,J.J. McCarthy,MIN,8,Mason Rudolph,PIT,8.54,Jalen Hurts,PHI,17.3,Jordan Love,GB,20.26,Shedeur Sanders,CLE,6.48,Malik Willis,GB,13.24
CHI,QB,–,–,–,–,–,–,Joe Milton,DAL,0.64,–,–,–,BYE,BYE,BYE,–,–,–,–,–,–,–,–,–,–,–,–,Russell Wilson,NYG,3,–,–,–,–,–,–,–,–,–,–,–,–,–,–,–,Jordan Love,GB,3.78
CHI,RB,Aaron Jones,MIN,15.7,Jahmyr Gibbs,DET,19.4,Javonte Williams,DAL,12.2,Ashton Jeanty,LV,33.5,BYE,BYE,BYE,Jeremy McNichols,WAS,6.5,Alvin Kamara,NO,5.9,Derrick Henry,BAL,19.1,Chase Brown,CIN,19.2,Devin Singletary,NYG,10.3,Aaron Jones,MIN,11.1,Kenneth Gainwell,PIT,18.2,Saquon Barkley,PHI,5.6,Josh Jacobs,GB,17.2,Quinshon Judkins,CLE,4.7,Emanuel Wilson,GB,8.2
CHI,RB,Jordan Mason,MIN,8.5,David Montgomery,DET,13.1,Miles Sanders,DAL,8.3,Raheem Mostert,LV,8.3,BYE,BYE,BYE,Jacory Croskey-Merritt,WAS,5.8,Kendre Miller,NO,0.7,Keaton Mitchell,BAL,4.3,Samaje Perine,CIN,0.5,Tyrone Tracy,NYG,8.1,Jordan Mason,MIN,10.5,Jaylen Warren,PIT,12.8,Will Shipley,PHI,2.1,Chris Brooks,GB,1.6,–,–,–,Josh Jacobs,GB,4.8
CHI,RB,–,–,–,Craig Reynolds,DET,0.4,–,–,–,–,–,–,BYE,BYE,BYE,–,–,–,Devin Neal,NO,0.1,Justice Hill,BAL,0.2,Tahj Brooks,CIN,0.1,–,–,–,–,–,–,–,–,–,–,–,–,Emanuel Wilson,GB,1,–,–,–,Chris Brooks,GB,0.4
CHI,WR,Justin Jefferson,MIN,14.8,Amon-Ra St. Brown,DET,39.2,George Pickens,DAL,17.8,Jakobi Meyers,LV,7,BYE,BYE,BYE,Luke McCaffrey,WAS,10.3,Chris Olave,NO,26.8,Zay Flowers,BAL,14.1,Tee Higgins,CIN,33.1,Darius Slayton,NYG,12.9,Justin Jefferson,MIN,11.1,DK Metcalf,PIT,14.4,A.J. Brown,PHI,35.2,Christian Watson,GB,24.9,Isaiah Bond,CLE,10.9,Romeo Doubs,GB,19.4
CHI,WR,Jalen Nailor,MIN,3.8,Jameson Williams,DET,18.8,KaVontae Turpin,DAL,8.8,Tre Tucker,LV,4.2,BYE,BYE,BYE,Deebo Samuel,WAS,5.4,Rashid Shaheed,NO,8,Rashod Bateman,BAL,7.1,Andrei Iosivas,CIN,18,Wan'Dale Robinson,NYG,12.2,Jordan Addison,MIN,10,Isaiah Hodgins,PIT,12.2,DeVonta Smith,PHI,9.8,Bo Melton,GB,11.5,Jerry Jeudy,CLE,4.2,Jayden Reed,GB,7.1
CHI,WR,Adam Thielen,MIN,2,Isaac TeSlaa,DET,3.9,Jalen Tolbert,DAL,7.4,–,–,–,BYE,BYE,BYE,Jaylin Lane,WAS,5.4,Brandin Cooks,NO,1.3,DeAndre Hopkins,BAL,2.4,Ja'Marr Chase,CIN,17.1,–,–,–,Jalen Nailor,MIN,2.6,Calvin Austin III,PIT,7.6,Jahan Dotson,PHI,2.2,Jayden Reed,GB,9.3,Malachi Corley,CLE,2,Christian Watson,GB,3.7
CHI,WR,–,–,–,Kalif Raymond,DET,3.3,–,–,–,–,–,–,BYE,BYE,BYE,–,–,–,–,–,–,Tylan Wallace,BAL,1.6,Charlie Jones,CIN,6,–,–,–,Adam Thielen,MIN,1.6,Ben Skowronek,PIT,3.1,–,–,–,–,–,–,–,–,–,Dontayvion Wicks,GB,3.2
CHI,WR,,,,,,,,,,,,,,,,,,,,,,,,,,,,,,,,,,,,,,,,,,,,,,Savion Williams,GB,0.9
CHI,WR,,,,,,,,,,,,,,,,,,,,,,,,,,,,,,,,,,,,,,,,,,,,,,Matthew Golden,GB,0.4
CHI,TE,T.J. Hockenson,MIN,4.5,Brock Wright,DET,11.8,Jake Ferguson,DAL,21.2,Brock Bowers,LV,9.6,BYE,BYE,BYE,Zach Ertz,WAS,16.3,Juwan Johnson,NO,12.9,Charlie Kolar,BAL,8,Noah Fant,CIN,10.8,Theo Johnson,NYG,14.5,T.J. Hockenson,MIN,6.9,Pat Freiermuth,PIT,10.9,Dallas Goedert,PHI,4.7,Luke Musgrave,GB,4.2,Harold Fannin,CLE,12,Luke Musgrave,GB,6.8
CHI,TE,Josh Oliver,MIN,1.5,Sam LaPorta,DET,5.6,Luke Schoonmaker,DAL,1.5,–,–,–,BYE,BYE,BYE,–,–,–,Taysom Hill,NO,2.8,Mark Andrews,BAL,6.4,–,–,–,Daniel Bellinger,NYG,1.8,Josh Oliver,MIN,0.7,Jonnu Smith,PIT,5.8,–,–,–,–,–,–,–,–,–,–,–,–
CHI,TE,–,–,–,–,–,–,–,–,–,–,–,–,BYE,BYE,BYE,–,–,–,–,–,–,Isaiah Likely,BAL,2.8,–,–,–,–,–,–,–,–,–,Darnell Washington,PIT,4.2,–,–,–,–,–,–,–,–,–,–,–,–
CIN,QB,Joe Flacco,CLE,14.2,Trevor Lawrence,JAX,21.24,Carson Wentz,MIN,15.32,Bo Nix,DEN,26.74,Jared Goff,DET,20.12,Jordan Love,GB,15.96,Aaron Rodgers,PIT,24.56,Justin Fields,NYJ,20.86,Caleb Williams,CHI,38.7,BYE,BYE,BYE,Aaron Rodgers,PIT,9.44,Drake Maye,NE,16.96,Lamar Jackson,BAL,7.54,Josh Allen,BUF,37.84,Lamar Jackson,BAL,15.6,Quinn Ewers,MIA,8.9
CIN,QB,–,–,–,–,–,–,–,–,–,–,–,–,–,–,–,–,–,–,–,–,–,–,–,–,Tyson Bagent,CHI,0.8,BYE,BYE,BYE,Mason Rudolph,PIT,8.98,–,–,–,–,–,–,–,–,–,–,–,–,–,–,–
CIN,RB,Dylan Sampson,CLE,17.3,Travis Etienne,JAX,16.9,Jordan Mason,MIN,23.6,RJ Harvey,DEN,19.8,David Montgomery,DET,18.22,Josh Jacobs,GB,32,Jaylen Warren,PIT,19.8,Breece Hall,NYJ,32.86,Kyle Monangai,CHI,22.8,BYE,BYE,BYE,Kenneth Gainwell,PIT,29.5,TreVeyon Henderson,NE,11.1,Derrick Henry,BAL,17.4,James Cook,BUF,11.1,Rasheen Ali,BAL,11.2,De'Von Achane,MIA,18
CIN,RB,Raheim Sanders,CLE,6.3,Bhayshul Tuten,JAX,15.4,Zavier Scott,MIN,6,J.K. Dobbins,DEN,11.5,Jahmyr Gibbs,DET,16.7,Emanuel Wilson,GB,1.7,Kenneth Gainwell,PIT,3.5,Isaiah Davis,NYJ,17.9,–,–,–,BYE,BYE,BYE,Jaylen Warren,PIT,8.7,Rhamondre Stevenson,NE,2,Keaton Mitchell,BAL,11.1,Ty Johnson,BUF,5.9,Derrick Henry,BAL,10,Jaylen Wright,MIA,12.3
CIN,RB,Jerome Ford,CLE,1.5,LeQuint Allen,JAX,1.3,–,–,–,Tyler Badie,DEN,2.1,–,–,–,Chris Brooks,GB,0.1,–,–,–,–,–,–,–,–,–,BYE,BYE,BYE,Kaleb Johnson,PIT,1.5,–,–,–,Rasheen Ali,BAL,1.7,–,–,–,Keaton Mitchell,BAL,6.6,–,–,–
CIN,WR,Cedric Tillman,CLE,16.2,Dyami Brown,JAX,17.6,Justin Jefferson,MIN,12.5,Marvin Mims,DEN,20.5,Amon-Ra St. Brown,DET,18,Matthew Golden,GB,13.2,DK Metcalf,PIT,8,Tyler Johnson,NYJ,15.4,D.J. Moore,CHI,22.98,BYE,BYE,BYE,Isaiah Hodgins,PIT,10.7,Demario Douglas,NE,6.1,DeAndre Hopkins,BAL,4.5,Khalil Shakir,BUF,9.6,Zay Flowers,BAL,15.8,Jaylen Waddle,MIA,12.2
CIN,WR,Jerry Jeudy,CLE,11.6,Parker Washington,JAX,12.6,Jalen Nailor,MIN,6.7,Courtland Sutton,DEN,19.1,Isaac TeSlaa,DET,8.2,Romeo Doubs,GB,10.5,Roman Wilson,PIT,3.7,Arian Smith,NYJ,3.3,Olamide Zaccheaus,CHI,17.8,BYE,BYE,BYE,DK Metcalf,PIT,9.9,Mack Hollins,NE,5,Zay Flowers,BAL,0.6,Gabriel Davis,BUF,4.1,DeAndre Hopkins,BAL,4.2,Malik Washington,MIA,10.2
CIN,WR,Jamari Thrash,CLE,1.6,Brian Thomas Jr.,JAX,8.9,Tai Felton,MIN,1.9,Troy Franklin,DEN,9.5,Jameson Williams,DET,2,Dontayvion Wicks,GB,3.5,Scotty Miller,PIT,1.9,Allen Lazard,NYJ,1.5,–,–,–,BYE,BYE,BYE,Roman Wilson,PIT,2.7,Stefon Diggs,NE,4,–,–,–,Keon Coleman,BUF,3.6,–,–,–,–,–,–
CIN,WR,Isaiah Bond,CLE,1.5,Travis Hunter,JAX,5.2,–,–,–,–,–,–,–,–,–,Bo Melton,GB,0.3,–,–,–,–,–,–,–,–,–,BYE,BYE,BYE,Calvin Austin III,PIT,1.5,Kayshon Boutte,NE,3.5,–,–,–,–,–,–,–,–,–,–,–,–
CIN,WR,–,–,–,–,–,–,–,–,–,–,–,–,–,–,–,Savion Williams,GB,0.3,–,–,–,–,–,–,–,–,–,BYE,BYE,BYE,–,–,–,Kyle Williams,NE,2.8,–,–,–,–,–,–,–,–,–,–,–,–
CIN,TE,Harold Fannin,CLE,13.6,Brenton Strange,JAX,4.7,T.J. Hockenson,MIN,15.9,Evan Engram,DEN,6.9,Sam LaPorta,DET,20.2,Tucker Kraft,GB,12.3,Pat Freiermuth,PIT,28.1,Mason Taylor,NYJ,14.4,Colston Loveland,CHI,29.8,BYE,BYE,BYE,Darnell Washington,PIT,10.7,Hunter Henry,NE,24.5,Isaiah Likely,BAL,12.5,Dawson Knox,BUF,17.3,Mark Andrews,BAL,3.8,Darren Waller,MIA,7
CIN,TE,David Njoku,CLE,6.7,–,–,–,Josh Oliver,MIN,8.2,Adam Trautman,DEN,5.2,Brock Wright,DET,8.9,Luke Musgrave,GB,1.7,Jonnu Smith,PIT,11.8,Jeremy Ruckert,NYJ,3.4,Cole Kmet,CHI,2,BYE,BYE,BYE,Pat Freiermuth,PIT,2.9,Austin Hooper,NE,6.9,Mark Andrews,BAL,8.7,Dalton Kincaid,BUF,14.1,–,–,–,Greg Dulcich,MIA,5.6
CIN,TE,–,–,–,–,–,–,–,–,–,–,–,–,–,–,–,–,–,–,Darnell Washington,PIT,9.2,–,–,–,–,–,–,BYE,BYE,BYE,–,–,–,–,–,–,Charlie Kolar,BAL,2.7,–,–,–,–,–,–,–,–,–
CLE,QB,Joe Burrow,CIN,8.82,Lamar Jackson,BAL,26.3,Jordan Love,GB,12.12,Jared Goff,DET,13.72,Carson Wentz,MIN,14.74,Aaron Rodgers,PIT,17.5,Quinn Ewers,MIA,2.12,Drake Maye,NE,27.28,BYE,BYE,BYE,Justin Fields,NYJ,7.96,Lamar Jackson,BAL,6.72,Geno Smith,LV,14.2,Brock Purdy,SF,17.12,Cam Ward,TEN,12.08,Caleb Williams,CHI,18.98,Josh Allen,BUF,6.9
CLE,QB,–,–,–,–,–,–,–,–,–,–,–,–,–,–,–,–,–,–,Tua Tagovailoa,MIA,1.6,–,–,–,BYE,BYE,BYE,–,–,–,–,–,–,–,–,–,Mac Jones,SF,0.2,–,–,–,–,–,–,–,–,–
CLE,RB,Chase Brown,CIN,13.1,Justice Hill,BAL,5.5,Josh Jacobs,GB,12.4,Jahmyr Gibbs,DET,17.7,Jordan Mason,MIN,12.6,Kenneth Gainwell,PIT,9.6,De'Von Achane,MIA,12.8,Rhamondre Stevenson,NE,5.9,BYE,BYE,BYE,Breece Hall,NYJ,19.5,Derrick Henry,BAL,20.2,Ashton Jeanty,LV,24.8,Christian McCaffrey,SF,17.4,Tony Pollard,TEN,28.1,D'Andre Swift,CHI,22.6,James Cook,BUF,26.4
CLE,RB,Samaje Perine,CIN,2.6,Derrick Henry,BAL,2.3,Emanuel Wilson,GB,2.5,David Montgomery,DET,1.2,–,–,–,Jaylen Warren,PIT,8.3,Ollie Gordon,MIA,2.3,TreVeyon Henderson,NE,5.5,BYE,BYE,BYE,Isaiah Davis,NYJ,2.1,Keaton Mitchell,BAL,7.4,Raheem Mostert,LV,5,Brian Robinson,SF,2.6,Tyjae Spears,TEN,6.7,Kyle Monangai,CHI,3.3,Ty Johnson,BUF,7.6
CLE,RB,–,–,–,–,–,–,–,–,–,–,–,–,–,–,–,Kaleb Johnson,PIT,1.5,–,–,–,–,–,–,BYE,BYE,BYE,–,–,–,Rasheen Ali,BAL,2.5,–,–,–,Isaac Guerendo,SF,1,–,–,–,–,–,–,Ray Davis,BUF,5.4
CLE,RB,–,–,–,–,–,–,–,–,–,–,–,–,Zavier Scott,MIN,-0.2,–,–,–,–,–,–,–,–,–,BYE,BYE,BYE,–,–,–,–,–,–,–,–,–,–,–,–,–,–,–,–,–,–,–,–,–
CLE,WR,Tee Higgins,CIN,6.3,Devontez Walker,BAL,16.6,Matthew Golden,GB,10.1,Amon-Ra St. Brown,DET,26,Justin Jefferson,MIN,19.3,DK Metcalf,PIT,19.5,Malik Washington,MIA,8,Kayshon Boutte,NE,16.5,BYE,BYE,BYE,Arian Smith,NYJ,1.3,Zay Flowers,BAL,11.3,Tre Tucker,LV,5.8,Jauan Jennings,SF,13.9,Chimere Dike,TEN,13.4,D.J. Moore,CHI,22.9,Khalil Shakir,BUF,7.4
CLE,WR,Ja'Marr Chase,CIN,4.6,Zay Flowers,BAL,14.9,Romeo Doubs,GB,4.5,Kalif Raymond,DET,9.3,Jordan Addison,MIN,15.1,Roman Wilson,PIT,2.2,Nick Westbrook-Ikhine,MIA,4.6,Mack Hollins,NE,15.9,BYE,BYE,BYE,John Metchie,NYJ,0.6,DeAndre Hopkins,BAL,2.1,Dont'e Thornton,LV,2.4,Ricky Pearsall,SF,3.4,Elic Ayomanor,TEN,8.4,Luther Burden,CHI,14.4,Joshua Palmer,BUF,1.2
CLE,WR,–,–,–,DeAndre Hopkins,BAL,14.4,Dontayvion Wicks,GB,4.1,Jameson Williams,DET,5.7,Jalen Nailor,MIN,7.2,–,–,–,Jaylen Waddle,MIA,2.5,Stefon Diggs,NE,10.4,BYE,BYE,BYE,–,–,–,–,–,–,–,–,–,Demarcus Robinson,SF,0.6,Tyler Lockett,LV,7.1,–,–,–,–,–,–
CLE,WR,–,–,–,Tylan Wallace,BAL,10.5,–,–,–,–,–,–,–,–,–,–,–,–,–,–,–,Demario Douglas,NE,5.7,BYE,BYE,BYE,–,–,–,–,–,–,–,–,–,–,–,–,Van Jefferson,TEN,3.7,–,–,–,–,–,–
CLE,WR,–,–,–,Rashod Bateman,BAL,3.5,–,–,–,–,–,–,–,–,–,–,–,–,–,–,–,–,–,–,BYE,BYE,BYE,–,–,–,–,–,–,–,–,–,–,–,–,–,–,–,–,–,–,–,–,–
CLE,WR,–,–,–,–,–,–,Savion Williams,GB,-0.1,–,–,–,–,–,–,–,–,–,–,–,–,–,–,–,BYE,BYE,BYE,–,–,–,–,–,–,–,–,–,–,–,–,–,–,–,–,–,–,–,–,–
CLE,TE,Noah Fant,CIN,12.6,Mark Andrews,BAL,1.4,Tucker Kraft,GB,5.9,Sam LaPorta,DET,6.9,Josh Oliver,MIN,11.5,Darnell Washington,PIT,9.2,–,–,–,Hunter Henry,NE,7.7,BYE,BYE,BYE,Mason Taylor,NYJ,1.4,Mark Andrews,BAL,15.7,Brock Bowers,LV,11.5,George Kittle,SF,10.7,Chigoziem Okonkwo,TEN,4,Colston Loveland,CHI,10.1,Dawson Knox,BUF,2
CLE,TE,Mike Gesicki,CIN,2.4,–,–,–,–,–,–,–,–,–,T.J. Hockenson,MIN,9.8,Jonnu Smith,PIT,5.8,–,–,–,Austin Hooper,NE,5.8,BYE,BYE,BYE,Jeremy Ruckert,NYJ,1,Isaiah Likely,BAL,3.5,Michael Mayer,LV,2.4,–,–,–,Gunnar Helm,TEN,1.8,Cole Kmet,CHI,4.8,–,–,–
CLE,TE,–,–,–,–,–,–,–,–,–,–,–,–,–,–,–,Pat Freiermuth,PIT,2.1,–,–,–,–,–,–,BYE,BYE,BYE,–,–,–,–,–,–,–,–,–,–,–,–,–,–,–,–,–,–,–,–,–
DAL,QB,Jalen Hurts,PHI,24.28,Russell Wilson,NYG,31.3,Caleb Williams,CHI,29.12,Jordan Love,GB,26.28,Justin Fields,NYJ,25.92,Bryce Young,CAR,19.46,Jayden Daniels,WAS,17.74,Bo Nix,DEN,24.78,Jacoby Brissett,ARI,24.84,BYE,BYE,BYE,Geno Smith,LV,13.92,Jalen Hurts,PHI,30.86,Patrick Mahomes,KC,29.44,Jared Goff,DET,16.16,J.J. McCarthy,MIN,24.5,Justin Herbert,LAC,30.2
DAL,QB,–,–,–,–,–,–,–,–,–,–,–,–,–,–,–,–,–,–,Marcus Mariota,WAS,4.92,–,–,–,–,–,–,BYE,BYE,BYE,–,–,–,–,–,–,–,–,–,–,–,–,–,–,–,–,–,–
DAL,QB,–,–,–,Jaxson Dart,NYG,-0.3,–,–,–,–,–,–,–,–,–,–,–,–,–,–,–,–,–,–,–,–,–,BYE,BYE,BYE,–,–,–,–,–,–,–,–,–,–,–,–,–,–,–,–,–,–
DAL,RB,Saquon Barkley,PHI,18.4,Cam Skattebo,NYG,13.9,D'Andre Swift,CHI,10.8,Josh Jacobs,GB,31.7,Breece Hall,NYJ,17.5,Rico Dowdle,CAR,33.9,Chris Rodriguez,WAS,7.2,RJ Harvey,DEN,24.1,Emari Demercado,ARI,8.8,BYE,BYE,BYE,Ashton Jeanty,LV,9.4,Saquon Barkley,PHI,12.4,Kareem Hunt,KC,9,Jahmyr Gibbs,DET,37,Aaron Jones,MIN,9.5,Omarion Hampton,LAC,16.5
DAL,RB,Will Shipley,PHI,2.6,Tyrone Tracy,NYG,9.1,Kyle Monangai,CHI,3,Emanuel Wilson,GB,11.1,Isaiah Davis,NYJ,6.3,Trevor Etienne,CAR,1.7,Jeremy McNichols,WAS,6.5,J.K. Dobbins,DEN,14.1,Zonovan Knight,ARI,6.7,BYE,BYE,BYE,Raheem Mostert,LV,3.3,Tank Bigsby,PHI,0.8,Isiah Pacheco,KC,5.3,David Montgomery,DET,14.3,Jordan Mason,MIN,2.9,Hassan Haskins,LAC,1.4
DAL,RB,Tank Bigsby,PHI,1.2,Devin Singletary,NYG,1,–,–,–,Chris Brooks,GB,1.1,–,–,–,–,–,–,Jacory Croskey-Merritt,WAS,4.2,Tyler Badie,DEN,0.6,–,–,–,BYE,BYE,BYE,–,–,–,–,–,–,–,–,–,–,–,–,–,–,–,Kimani Vidal,LAC,1.1
DAL,RB,AJ Dillon,PHI,1,–,–,–,–,–,–,–,–,–,–,–,–,–,–,–,–,–,–,–,–,–,–,–,–,BYE,BYE,BYE,–,–,–,–,–,–,–,–,–,–,–,–,–,–,–,–,–,–
DAL,WR,Jahan Dotson,PHI,8.9,Malik Nabers,NYG,37.7,Luther Burden,CHI,19.8,Romeo Doubs,GB,29.8,Garrett Wilson,NYJ,19.1,Tetairoa McMillan,CAR,17.9,Jaylin Lane,WAS,9,Troy Franklin,DEN,26.9,Marvin Harrison Jr.,ARI,22.6,BYE,BYE,BYE,Tre Tucker,LV,14.7,A.J. Brown,PHI,25,Rashee Rice,KC,29.4,Jameson Williams,DET,17.3,Jalen Nailor,MIN,19.5,Quentin Johnston,LAC,20.4
DAL,WR,DeVonta Smith,PHI,4.6,Wan'Dale Robinson,NYG,28.2,Rome Odunze,CHI,15.2,Matthew Golden,GB,11.3,Josh Reynolds,NYJ,7.9,Jimmy Horn,CAR,6.7,–,–,–,Pat Bryant,DEN,12,Michael Wilson,ARI,9.1,BYE,BYE,BYE,Jack Bech,LV,2.9,DeVonta Smith,PHI,14.9,Xavier Worthy,KC,11.4,Amon-Ra St. Brown,DET,15.2,Jordan Addison,MIN,8.6,Ladd McConkey,LAC,14.3
DAL,WR,A.J. Brown,PHI,1.8,Darius Slayton,NYG,8.1,D.J. Moore,CHI,12.8,Savion Williams,GB,5.3,Arian Smith,NYJ,2.4,Xavier Legette,CAR,3.1,–,–,–,Courtland Sutton,DEN,10.7,Greg Dortch,ARI,0.9,BYE,BYE,BYE,–,–,–,–,–,–,Marquise Brown,KC,10,Isaac TeSlaa,DET,10,Justin Jefferson,MIN,4.2,Keenan Allen,LAC,9.4
DAL,WR,–,–,–,–,–,–,Olamide Zaccheaus,CHI,6.6,Dontayvion Wicks,GB,3.9,Allen Lazard,NYJ,1.3,Hunter Renfrow,CAR,1.7,–,–,–,Marvin Mims,DEN,1.8,–,–,–,BYE,BYE,BYE,–,–,–,–,–,–,–,–,–,–,–,–,Adam Thielen,MIN,1.7,Tre Harris,LAC,9.4
DAL,WR,–,–,–,–,–,–,–,–,–,Malik Heath,GB,1.9,–,–,–,–,–,–,–,–,–,–,–,–,–,–,–,BYE,BYE,BYE,–,–,–,–,–,–,–,–,–,–,–,–,–,–,–,KeAndre Lambert-Smith,LAC,2
DAL,TE,Dallas Goedert,PHI,11.4,Theo Johnson,NYG,7.4,Cole Kmet,CHI,8,Tucker Kraft,GB,10.6,Mason Taylor,NYJ,17.7,Tommy Tremble,CAR,7.9,Zach Ertz,WAS,12.7,Evan Engram,DEN,7.6,Trey McBride,ARI,16.5,BYE,BYE,BYE,Brock Bowers,LV,14.2,Dallas Goedert,PHI,4,Travis Kelce,KC,15.5,–,–,–,T.J. Hockenson,MIN,10.6,Will Dissly,LAC,5.8
DAL,TE,Kylen Granson,PHI,1.1,–,–,–,Colston Loveland,CHI,4.1,Luke Musgrave,GB,1.6,Jeremy Ruckert,NYJ,6.8,–,–,–,–,–,–,–,–,–,Elijah Higgins,ARI,6,BYE,BYE,BYE,Michael Mayer,LV,4.3,Grant Calcaterra,PHI,1.8,Jared Wiley,KC,1.4,–,–,–,Josh Oliver,MIN,2.8,Oronde Gadsden,LAC,1.7
DEN,QB,Cam Ward,TEN,2.48,Daniel Jones,IND,22.84,Justin Herbert,LAC,15.6,Jake Browning,CIN,5.4,Jalen Hurts,PHI,19.5,Justin Fields,NYJ,4.9,Jaxson Dart,NYG,29.42,Dak Prescott,DAL,8.62,Davis Mills,HOU,6.18,Geno Smith,LV,5.42,Patrick Mahomes,KC,14.34,BYE,BYE,BYE,Marcus Mariota,WAS,24.26,Geno Smith,LV,9.04,Jordan Love,GB,15.94,Trevor Lawrence,JAX,31.16
DEN,QB,–,–,–,–,–,–,–,–,–,–,–,–,–,–,–,–,–,–,–,–,–,Joe Milton,DAL,6.32,C.J. Stroud,HOU,4.36,–,–,–,–,–,–,BYE,BYE,BYE,–,–,–,Kenny Pickett,LV,8.48,–,–,–,–,–,–
DEN,RB,Tony Pollard,TEN,7.9,Jonathan Taylor,IND,29.5,Omarion Hampton,LAC,24.9,Chase Brown,CIN,10.1,Saquon Barkley,PHI,17.8,Breece Hall,NYJ,5.9,Cam Skattebo,NYG,18.4,Javonte Williams,DAL,17.9,Nick Chubb,HOU,3.4,Ashton Jeanty,LV,15.3,Kareem Hunt,KC,13.2,BYE,BYE,BYE,Chris Rodriguez,WAS,10.1,Ashton Jeanty,LV,5.8,Josh Jacobs,GB,23.2,Travis Etienne,JAX,16.6
DEN,RB,Julius Chestnut,TEN,0.2,–,–,–,Najee Harris,LAC,2.8,Samaje Perine,CIN,0.4,Will Shipley,PHI,1.4,Isaiah Davis,NYJ,1.1,Tyrone Tracy,NYG,10.6,Jaydon Blue,DAL,2.9,Woody Marks,HOU,2.7,Raheem Mostert,LV,2.5,Brashard Smith,KC,2.8,BYE,BYE,BYE,Jeremy McNichols,WAS,5,Raheem Mostert,LV,1.2,Chris Brooks,GB,2.6,LeQuint Allen,JAX,1
DEN,RB,–,–,–,–,–,–,–,–,–,–,–,–,AJ Dillon,PHI,1.2,–,–,–,Devin Singletary,NYG,0.2,–,–,–,–,–,–,–,–,–,–,–,–,BYE,BYE,BYE,Jacory Croskey-Merritt,WAS,2,–,–,–,Emanuel Wilson,GB,0.3,–,–,–
DEN,WR,Calvin Ridley,TEN,6.7,Josh Downs,IND,11.1,Keenan Allen,LAC,19.5,Ja'Marr Chase,CIN,7.3,DeVonta Smith,PHI,19.4,Josh Reynolds,NYJ,5.5,Wan'Dale Robinson,NYG,15.5,George Pickens,DAL,14.8,Nico Collins,HOU,14.5,Tyler Lockett,LV,9.4,Rashee Rice,KC,9.8,BYE,BYE,BYE,Terry McLaurin,WAS,22.6,Jack Bech,LV,11,Jayden Reed,GB,10.5,Parker Washington,JAX,26.5
DEN,WR,Elic Ayomanor,TEN,3.3,Alec Pierce,IND,10.8,Quentin Johnston,LAC,14.9,Tee Higgins,CIN,6.2,A.J. Brown,PHI,9.3,Garrett Wilson,NYJ,4.3,–,–,–,CeeDee Lamb,DAL,14.6,Christian Kirk,HOU,6.6,Tre Tucker,LV,5.5,Marquise Brown,KC,8,BYE,BYE,BYE,Deebo Samuel,WAS,11.1,Tre Tucker,LV,4.4,Matthew Golden,GB,8.5,Jakobi Meyers,JAX,8.6
DEN,WR,Chimere Dike,TEN,0.9,Michael Pittman,IND,8,Ladd McConkey,LAC,8.1,Andrei Iosivas,CIN,3.7,Jahan Dotson,PHI,3.4,–,–,–,–,–,–,Jalen Tolbert,DAL,12.7,Xavier Hutchinson,HOU,6,Dont'e Thornton,LV,1.4,Tyquan Thornton,KC,7.1,BYE,BYE,BYE,Treylon Burks,WAS,7.5,–,–,–,Christian Watson,GB,5.9,Brian Thomas Jr.,JAX,3.8
DEN,WR,–,–,–,Adonai Mitchell,IND,4,–,–,–,–,–,–,–,–,–,–,–,–,–,–,–,Ryan Flournoy,DAL,1.7,Jayden Higgins,HOU,1.4,–,–,–,Xavier Worthy,KC,5.5,BYE,BYE,BYE,–,–,–,–,–,–,Romeo Doubs,GB,5.6,Tim Patrick,JAX,2.1
DEN,WR,–,–,–,–,–,–,–,–,–,–,–,–,–,–,–,–,–,–,–,–,–,KaVontae Turpin,DAL,0.8,–,–,–,–,–,–,–,–,–,BYE,BYE,BYE,–,–,–,–,–,–,Dontayvion Wicks,GB,1.6,–,–,–
DEN,WR,–,–,–,–,–,–,Derius Davis,LAC,-1.8,–,–,–,–,–,–,–,–,–,–,–,–,–,–,–,–,–,–,–,–,–,–,–,–,BYE,BYE,BYE,–,–,–,–,–,–,–,–,–,–,–,–
DEN,TE,Chigoziem Okonkwo,TEN,4.9,Tyler Warren,IND,11.9,Oronde Gadsden,LAC,9.6,Mike Gesicki,CIN,1.8,Dallas Goedert,PHI,10.9,Mason Taylor,NYJ,1.2,Daniel Bellinger,NYG,17.8,Luke Schoonmaker,DAL,4.5,Dalton Schultz,HOU,13.7,Michael Mayer,LV,5.2,Travis Kelce,KC,24.1,BYE,BYE,BYE,Zach Ertz,WAS,20.6,Brock Bowers,LV,14.6,Luke Musgrave,GB,9.2,Brenton Strange,JAX,14.9
DEN,TE,Gunnar Helm,TEN,2.6,–,–,–,–,–,–,–,–,–,Grant Calcaterra,PHI,3.8,–,–,–,Theo Johnson,NYG,15.6,–,–,–,Harrison Bryant,HOU,1.2,Brock Bowers,LV,3.7,Noah Gray,KC,2.9,BYE,BYE,BYE,–,–,–,–,–,–,–,–,–,–,–,–
DET,QB,Jordan Love,GB,15.92,Caleb Williams,CHI,17.98,Lamar Jackson,BAL,27.02,Joe Flacco,CLE,3.26,Jake Browning,CIN,22.14,Patrick Mahomes,KC,31.48,Baker Mayfield,TB,12.12,BYE,BYE,BYE,J.J. McCarthy,MIN,19.92,Marcus Mariota,WAS,18.72,Jalen Hurts,PHI,14.5,Jameis Winston,NYG,33.24,Jordan Love,GB,25.76,Dak Prescott,DAL,20.44,Matthew Stafford,LAR,21.92,Aaron Rodgers,PIT,15.54
DET,QB,–,–,–,Tyson Bagent,CHI,1.78,–,–,–,–,–,–,–,–,–,–,–,–,–,–,–,BYE,BYE,BYE,–,–,–,–,–,–,–,–,–,–,–,–,–,–,–,–,–,–,–,–,–,–,–,–
DET,RB,Josh Jacobs,GB,14,D'Andre Swift,CHI,13.9,Derrick Henry,BAL,10.7,Quinshon Judkins,CLE,21.5,Chase Brown,CIN,11.8,Isiah Pacheco,KC,6.1,Rachaad White,TB,8.4,BYE,BYE,BYE,Aaron Jones,MIN,11.8,Chris Rodriguez,WAS,7.6,Saquon Barkley,PHI,10,Tyrone Tracy,NYG,16,Josh Jacobs,GB,10.1,Javonte Williams,DAL,14.7,Kyren Williams,LAR,21.8,Jaylen Warren,PIT,29.1
DET,RB,Chris Brooks,GB,1.3,Kyle Monangai,CHI,4.6,Justice Hill,BAL,7.5,Jerome Ford,CLE,1.3,Samaje Perine,CIN,4.9,Brashard Smith,KC,5.1,Sean Tucker,TB,1.6,BYE,BYE,BYE,Jordan Mason,MIN,4.7,Jeremy McNichols,WAS,3.9,Tank Bigsby,PHI,3.4,Devin Singletary,NYG,4.7,Chris Brooks,GB,2.9,–,–,–,Blake Corum,LAR,13.1,Kenneth Gainwell,PIT,23.8
DET,RB,Emanuel Wilson,GB,0.4,–,–,–,–,–,–,–,–,–,–,–,–,Kareem Hunt,KC,4.4,–,–,–,BYE,BYE,BYE,–,–,–,Jacory Croskey-Merritt,WAS,3,–,–,–,–,–,–,Emanuel Wilson,GB,1.4,–,–,–,–,–,–,–,–,–
DET,RB,–,–,–,–,–,–,–,–,–,Dylan Sampson,CLE,-0.2,–,–,–,–,–,–,–,–,–,BYE,BYE,BYE,–,–,–,–,–,–,–,–,–,–,–,–,–,–,–,–,–,–,–,–,–,–,–,–
DET,WR,Jayden Reed,GB,13.5,Rome Odunze,CHI,31.8,Rashod Bateman,BAL,17.3,Isaiah Bond,CLE,8.8,Ja'Marr Chase,CIN,29,Marquise Brown,KC,20.5,Tez Johnson,TB,15.8,BYE,BYE,BYE,Justin Jefferson,MIN,16.7,Deebo Samuel,WAS,12.9,A.J. Brown,PHI,11.9,Wan'Dale Robinson,NYG,30.6,Dontayvion Wicks,GB,28,Ryan Flournoy,DAL,26.5,Puka Nacua,LAR,27.9,DK Metcalf,PIT,8.2
DET,WR,Romeo Doubs,GB,8.8,D.J. Moore,CHI,9.6,Devontez Walker,BAL,4.4,Jerry Jeudy,CLE,7.8,Andrei Iosivas,CIN,13.2,Xavier Worthy,KC,10.6,Emeka Egbuka,TB,9.8,BYE,BYE,BYE,Jordan Addison,MIN,8.4,Treylon Burks,WAS,8.8,Jahan Dotson,PHI,6.3,Darius Slayton,NYG,3.3,Christian Watson,GB,18.3,CeeDee Lamb,DAL,18.1,Davante Adams,LAR,11.1,Scotty Miller,PIT,4.9
DET,WR,Dontayvion Wicks,GB,5,Olamide Zaccheaus,CHI,4.1,Zay Flowers,BAL,3.3,Cedric Tillman,CLE,1.6,Tee Higgins,CIN,11.2,JuJu Smith-Schuster,KC,8.7,Sterling Shepard,TB,7.5,BYE,BYE,BYE,Jalen Nailor,MIN,2.6,Jaylin Lane,WAS,5.1,DeVonta Smith,PHI,1.8,–,–,–,Romeo Doubs,GB,12,George Pickens,DAL,8.7,Tutu Atwell,LAR,1.9,Calvin Austin III,PIT,1.8
DET,WR,Matthew Golden,GB,3.6,Luther Burden,CHI,1.5,DeAndre Hopkins,BAL,2.3,–,–,–,–,–,–,–,–,–,–,–,–,BYE,BYE,BYE,–,–,–,–,–,–,–,–,–,–,–,–,Bo Melton,GB,1.5,KaVontae Turpin,DAL,5,–,–,–,–,–,–
DET,WR,Savion Williams,GB,1.1,–,–,–,–,–,–,–,–,–,–,–,–,–,–,–,–,–,–,BYE,BYE,BYE,–,–,–,–,–,–,–,–,–,–,–,–,–,–,–,–,–,–,–,–,–,–,–,–
DET,TE,Tucker Kraft,GB,9.9,Cole Kmet,CHI,4.9,Mark Andrews,BAL,27.1,Harold Fannin,CLE,4.5,Mike Gesicki,CIN,3.5,Travis Kelce,KC,13.8,Cade Otton,TB,13.5,BYE,BYE,BYE,T.J. Hockenson,MIN,9.1,Zach Ertz,WAS,9.4,Dallas Goedert,PHI,4.4,Theo Johnson,NYG,10.7,Luke Musgrave,GB,3.3,Jake Ferguson,DAL,10.8,Colby Parkinson,LAR,24.5,Pat Freiermuth,PIT,6
DET,TE,Luke Musgrave,GB,1.4,–,–,–,Charlie Kolar,BAL,4.2,David Njoku,CLE,3.1,Drew Sample,CIN,0.9,Noah Gray,KC,4.5,–,–,–,BYE,BYE,BYE,–,–,–,Ben Sinnott,WAS,7.4,Kylen Granson,PHI,1.4,–,–,–,–,–,–,Luke Schoonmaker,DAL,2.2,Davis Allen,LAR,4.6,Darnell Washington,PIT,4.6
DET,TE,–,–,–,–,–,–,–,–,–,–,–,–,–,–,–,–,–,–,–,–,–,BYE,BYE,BYE,–,–,–,–,–,–,–,–,–,–,–,–,–,–,–,–,–,–,Terrance Ferguson,LAR,1.6,Jonnu Smith,PIT,2.8
GB,QB,Jared Goff,DET,11.9,Jayden Daniels,WAS,19.7,Joe Flacco,CLE,4.68,Dak Prescott,DAL,30.96,BYE,BYE,BYE,Joe Flacco,CIN,18.76,–,–,–,Aaron Rodgers,PIT,16.76,Bryce Young,CAR,3.98,Jalen Hurts,PHI,12.02,Jameis Winston,NYG,12.04,J.J. McCarthy,MIN,2.48,Jared Goff,DET,20.64,Caleb Williams,CHI,15.94,Bo Nix,DEN,29.08,Caleb Williams,CHI,21
GB,RB,Jahmyr Gibbs,DET,15,Jacory Croskey-Merritt,WAS,1.7,Quinshon Judkins,CLE,16.5,Javonte Williams,DAL,19,BYE,BYE,BYE,Chase Brown,CIN,8.9,–,–,–,Jaylen Warren,PIT,9.3,Rico Dowdle,CAR,28.1,Saquon Barkley,PHI,13.1,Tyrone Tracy,NYG,17.9,Aaron Jones,MIN,8.7,David Montgomery,DET,12.8,D'Andre Swift,CHI,11.2,RJ Harvey,DEN,10.5,Kyle Monangai,CHI,12.3
GB,RB,David Montgomery,DET,8.3,–,–,–,Jerome Ford,CLE,5,Miles Sanders,DAL,4.5,BYE,BYE,BYE,Samaje Perine,CIN,5.2,–,–,–,Kenneth Gainwell,PIT,3.5,Chuba Hubbard,CAR,1.7,Will Shipley,PHI,5.4,Devin Singletary,NYG,17.7,Jordan Mason,MIN,4.2,Jahmyr Gibbs,DET,11.6,Kyle Monangai,CHI,8.7,Tyler Badie,DEN,1.1,D'Andre Swift,CHI,9
GB,RB,–,–,–,–,–,–,Dylan Sampson,CLE,0.2,–,–,–,BYE,BYE,BYE,–,–,–,–,–,–,–,–,–,–,–,–,Tank Bigsby,PHI,0.7,–,–,–,–,–,–,–,–,–,–,–,–,Jaleel McLaughlin,DEN,0.4,–,–,–
GB,WR,Amon-Ra St. Brown,DET,8.5,Deebo Samuel,WAS,17.4,Cedric Tillman,CLE,5.6,George Pickens,DAL,33.4,BYE,BYE,BYE,Ja'Marr Chase,CIN,25.1,Zay Jones,ARI,8.7,Roman Wilson,PIT,17.4,Tetairoa McMillan,CAR,8.6,DeVonta Smith,PHI,16.9,Wan'Dale Robinson,NYG,7.6,Justin Jefferson,MIN,8.8,Jameson Williams,DET,26.9,Luther Burden,CHI,11,Courtland Sutton,DEN,24.3,D.J. Moore,CHI,21.9
GB,WR,Isaac TeSlaa,DET,8.3,Terry McLaurin,WAS,9.8,Isaiah Bond,CLE,3.6,Jalen Tolbert,DAL,10.1,BYE,BYE,BYE,Tee Higgins,CIN,11.2,Marvin Harrison Jr.,ARI,7.8,DK Metcalf,PIT,16.5,Xavier Legette,CAR,3.2,A.J. Brown,PHI,3.3,Jalin Hyatt,NYG,3.8,–,–,–,Isaac TeSlaa,DET,11.5,Olamide Zaccheaus,CHI,8.7,Troy Franklin,DEN,20.8,Olamide Zaccheaus,CHI,5.3
GB,WR,Jameson Williams,DET,6.6,Luke McCaffrey,WAS,4.9,Jamari Thrash,CLE,2.7,KaVontae Turpin,DAL,6.4,BYE,BYE,BYE,Andrei Iosivas,CIN,1.5,Michael Wilson,ARI,7,Calvin Austin III,PIT,6.8,Jalen Coker,CAR,1.9,–,–,–,–,–,–,–,–,–,–,–,–,Devin Duvernay,CHI,3.4,Marvin Mims,DEN,7.7,–,–,–
GB,WR,Kalif Raymond,DET,3.6,Noah Brown,WAS,1.9,Jerry Jeudy,CLE,2.7,–,–,–,BYE,BYE,BYE,–,–,–,Greg Dortch,ARI,2.5,Ben Skowronek,PIT,2.3,Jimmy Horn,CAR,1.8,–,–,–,–,–,–,–,–,–,–,–,–,D.J. Moore,CHI,0.6,–,–,–,–,–,–
GB,WR,–,–,–,Jaylin Lane,WAS,1.2,–,–,–,–,–,–,BYE,BYE,BYE,–,–,–,–,–,–,–,–,–,–,–,–,–,–,–,–,–,–,–,–,–,–,–,–,–,–,–,–,–,–,–,–,–
GB,TE,Sam LaPorta,DET,13.9,Zach Ertz,WAS,18.4,David Njoku,CLE,9,Jake Ferguson,DAL,17,BYE,BYE,BYE,Tanner Hudson,CIN,11,Trey McBride,ARI,29.4,Pat Freiermuth,PIT,4.3,Ja'Tavion Sanders,CAR,1.5,Dallas Goedert,PHI,8.3,Theo Johnson,NYG,6.6,T.J. Hockenson,MIN,5.9,–,–,–,Colston Loveland,CHI,12.9,Evan Engram,DEN,2.2,Colston Loveland,CHI,6
GB,TE,–,–,–,Ben Sinnott,WAS,1.7,Harold Fannin,CLE,5.5,Luke Schoonmaker,DAL,2.8,BYE,BYE,BYE,Noah Fant,CIN,6.7,Elijah Higgins,ARI,1.3,Jonnu Smith,PIT,3.7,–,–,–,–,–,–,–,–,–,Josh Oliver,MIN,1.4,–,–,–,Cole Kmet,CHI,6.2,–,–,–,Cole Kmet,CHI,3.4
GB,TE,–,–,–,–,–,–,–,–,–,–,–,–,BYE,BYE,BYE,Drew Sample,CIN,0.8,–,–,–,–,–,–,–,–,–,–,–,–,–,–,–,–,–,–,–,–,–,–,–,–,–,–,–,–,–,–
HOU,QB,Matthew Stafford,LAR,13.6,Baker Mayfield,TB,19.9,Trevor Lawrence,JAX,8.78,Cam Ward,TEN,5.52,–,–,–,BYE,BYE,BYE,Sam Darnold,SEA,9.62,Mac Jones,SF,19.02,Bo Nix,DEN,19.52,Trevor Lawrence,JAX,10.82,Cam Ward,TEN,13.06,Josh Allen,BUF,10.12,Daniel Jones,IND,16.14,Patrick Mahomes,KC,9.3,Jacoby Brissett,ARI,21.56,Geno Smith,LV,15.04
HOU,RB,Kyren Williams,LAR,13.9,Bucky Irving,TB,18.1,Travis Etienne,JAX,11.6,Tony Pollard,TEN,10.6,Derrick Henry,BAL,9.3,BYE,BYE,BYE,Zach Charbonnet,SEA,19.5,Christian McCaffrey,SF,9.8,RJ Harvey,DEN,16.6,Travis Etienne,JAX,15.7,Tyjae Spears,TEN,8.4,James Cook,BUF,21.9,Jonathan Taylor,IND,15.1,Kareem Hunt,KC,9,Michael Carter,ARI,13.4,Ashton Jeanty,LV,31.8
HOU,RB,Blake Corum,LAR,2.6,Rachaad White,TB,14.6,Bhayshul Tuten,JAX,8.1,–,–,–,Keaton Mitchell,BAL,2.3,BYE,BYE,BYE,Kenneth Walker III,SEA,6.6,–,–,–,J.K. Dobbins,DEN,6.9,Bhayshul Tuten,JAX,2,Tony Pollard,TEN,5.6,Ty Johnson,BUF,8.2,–,–,–,Isiah Pacheco,KC,3,Emari Demercado,ARI,2.1,Raheem Mostert,LV,1.9
HOU,RB,–,–,–,–,–,–,LeQuint Allen,JAX,1.9,–,–,–,Justice Hill,BAL,2.2,BYE,BYE,BYE,–,–,–,–,–,–,Tyler Badie,DEN,2.6,LeQuint Allen,JAX,1.6,–,–,–,Ray Davis,BUF,6,–,–,–,Brashard Smith,KC,0.7,–,–,–,–,–,–
HOU,WR,Puka Nacua,LAR,23.1,Emeka Egbuka,TB,12.9,Brian Thomas Jr.,JAX,7.5,Elic Ayomanor,TEN,6.4,Zay Flowers,BAL,12.2,BYE,BYE,BYE,Jaxon Smith-Njigba,SEA,26.3,Jauan Jennings,SF,8.5,Courtland Sutton,DEN,10,Parker Washington,JAX,17.9,Van Jefferson,TEN,11.2,Khalil Shakir,BUF,17,Alec Pierce,IND,17.8,Xavier Worthy,KC,8.5,Michael Wilson,ARI,16.4,Tre Tucker,LV,9.4
HOU,WR,Davante Adams,LAR,9.1,Mike Evans,TB,10.6,Parker Washington,JAX,7.4,Calvin Ridley,TEN,5,DeAndre Hopkins,BAL,6.6,BYE,BYE,BYE,Cooper Kupp,SEA,3.2,Kendrick Bourne,SF,7.4,Troy Franklin,DEN,8.3,Jakobi Meyers,JAX,7.1,Tyler Lockett,LV,6.3,Joshua Palmer,BUF,4.1,Josh Downs,IND,6.4,Rashee Rice,KC,7.4,–,–,–,Jack Bech,LV,6.3
HOU,WR,Tutu Atwell,LAR,1.4,Sterling Shepard,TB,7.4,Travis Hunter,JAX,3.1,Van Jefferson,TEN,1.6,–,–,–,BYE,BYE,BYE,Jake Bobo,SEA,1.3,Demarcus Robinson,SF,4.5,Pat Bryant,DEN,4,–,–,–,Chimere Dike,TEN,3.4,Gabriel Davis,BUF,3.2,Michael Pittman,IND,2.3,Marquise Brown,KC,4.5,–,–,–,Tyler Lockett,TEN,1.6
HOU,WR,Jordan Whittington,LAR,0.5,–,–,–,Dyami Brown,JAX,2.7,–,–,–,–,–,–,BYE,BYE,BYE,–,–,–,Jordan Watkins,SF,1.7,–,–,–,–,–,–,Elic Ayomanor,TEN,3.1,Elijah Moore,BUF,0.7,–,–,–,Tyquan Thornton,KC,3.9,–,–,–,–,–,–
HOU,WR,–,–,–,–,–,–,Tim Patrick,JAX,2.6,–,–,–,–,–,–,BYE,BYE,BYE,–,–,–,–,–,–,–,–,–,–,–,–,Calvin Ridley,TEN,2.3,–,–,–,–,–,–,JuJu Smith-Schuster,KC,1.5,–,–,–,–,–,–
HOU,WR,–,–,–,–,–,–,–,–,–,Chimere Dike,TEN,-0.4,–,–,–,BYE,BYE,BYE,–,–,–,–,–,–,–,–,–,–,–,–,–,–,–,–,–,–,–,–,–,–,–,–,–,–,–,–,–,–
HOU,TE,Davis Allen,LAR,8.3,Cade Otton,TB,5.5,Brenton Strange,JAX,12.1,Gunnar Helm,TEN,2.2,Mark Andrews,BAL,4.2,BYE,BYE,BYE,Elijah Arroyo,SEA,6.2,George Kittle,SF,14.3,Adam Trautman,DEN,4.5,–,–,–,Chigoziem Okonkwo,TEN,8.6,Dawson Knox,BUF,4.7,Tyler Warren,IND,11.2,Noah Gray,KC,2.4,Trey McBride,ARI,37.4,Brock Bowers,LV,14.3
HOU,TE,–,–,–,–,–,–,Hunter Long,JAX,3.2,Chigoziem Okonkwo,TEN,1.4,Isaiah Likely,BAL,2.2,BYE,BYE,BYE,AJ Barner,SEA,1.9,Jake Tonges,SF,7.2,–,–,–,–,–,–,Gunnar Helm,TEN,6.9,–,–,–,Andrew Ogletree,IND,1.8,Travis Kelce,KC,1.8,Elijah Higgins,ARI,1.3,Michael Mayer,LV,2
HOU,TE,–,–,–,–,–,–,–,–,–,–,–,–,Charlie Kolar,BAL,2,BYE,BYE,BYE,–,–,–,–,–,–,–,–,–,–,–,–,–,–,–,–,–,–,–,–,–,–,–,–,–,–,–,–,–,–
HOU,TE,Colby Parkinson,LAR,-0.6,–,–,–,–,–,–,–,–,–,–,–,–,BYE,BYE,BYE,–,–,–,–,–,–,–,–,–,–,–,–,–,–,–,–,–,–,–,–,–,–,–,–,–,–,–,–,–,–
IND,QB,Tua Tagovailoa,MIA,7.26,Bo Nix,DEN,21.24,Cam Ward,TEN,12.96,Matthew Stafford,LAR,27.4,Geno Smith,LV,7.92,–,–,–,Justin Herbert,LAC,29.9,Cam Ward,TEN,13.76,Aaron Rodgers,PIT,12.12,Michael Penix Jr.,ATL,10.98,–,BYE,BYE,Patrick Mahomes,KC,18.08,C.J. Stroud,HOU,10.04,Trevor Lawrence,JAX,19.36,Sam Darnold,SEA,11.34,Brock Purdy,SF,31.9
IND,QB,Zach Wilson,MIA,1.58,–,–,–,–,–,–,–,–,–,–,–,–,–,–,–,–,–,–,–,–,–,–,–,–,–,–,–,BYE,BYE,BYE,–,–,–,–,–,–,–,–,–,–,–,–,–,–,–
IND,RB,De'Von Achane,MIA,16.5,J.K. Dobbins,DEN,15.5,Tony Pollard,TEN,13.9,Kyren Williams,LAR,10.4,Ashton Jeanty,LV,15.9,Emari Demercado,ARI,0.1,Kimani Vidal,LAC,7.5,Tyjae Spears,TEN,17.2,Jaylen Warren,PIT,16.9,Tyler Allgeier,ATL,17.7,BYE,BYE,BYE,Kareem Hunt,KC,20,Nick Chubb,HOU,9.4,Travis Etienne,JAX,21.2,Zach Charbonnet,SEA,3.1,Christian McCaffrey,SF,32.6
IND,RB,Ollie Gordon,MIA,1.3,Tyler Badie,DEN,4.2,Julius Chestnut,TEN,2.6,Blake Corum,LAR,3.6,Raheem Mostert,LV,2.2,–,–,–,Hassan Haskins,LAC,2.5,Tony Pollard,TEN,6.3,Kenneth Gainwell,PIT,7.4,Bijan Robinson,ATL,10.8,BYE,BYE,BYE,Brashard Smith,KC,6.6,Woody Marks,HOU,7.7,LeQuint Allen,JAX,2.8,Kenneth Walker III,SEA,2.9,Brian Robinson,SF,2
IND,RB,–,–,–,RJ Harvey,DEN,3.4,–,–,–,–,–,–,–,–,–,–,–,–,–,–,–,Julius Chestnut,TEN,0.5,Kaleb Johnson,PIT,2.3,–,–,–,BYE,BYE,BYE,–,–,–,–,–,–,–,–,–,Khalil Herbert,SEA,0.5,–,–,–
IND,WR,Tyreek Hill,MIA,8,Troy Franklin,DEN,24,Elic Ayomanor,TEN,13.8,Puka Nacua,LAR,36,Tre Tucker,LV,11.1,Zay Jones,ARI,12.9,Keenan Allen,LAC,28.9,Chimere Dike,TEN,16.4,Calvin Austin III,PIT,10.6,Drake London,ATL,24.4,BYE,BYE,BYE,Rashee Rice,KC,24.1,Nico Collins,HOU,21.5,Tim Patrick,JAX,18.8,Jaxon Smith-Njigba,SEA,18.3,Jauan Jennings,SF,18.1
IND,WR,Jaylen Waddle,MIA,7,Marvin Mims,DEN,10.4,Tyler Lockett,TEN,7.7,Tutu Atwell,LAR,15.8,Jakobi Meyers,LV,7.2,Greg Dortch,ARI,9.9,Ladd McConkey,LAC,15.7,Elic Ayomanor,TEN,9.2,DK Metcalf,PIT,2.6,Darnell Mooney,ATL,2.7,BYE,BYE,BYE,Xavier Worthy,KC,9.9,Jayden Higgins,HOU,11.5,Jakobi Meyers,JAX,14.8,Rashid Shaheed,SEA,12.1,Demarcus Robinson,SF,10.3
IND,WR,Malik Washington,MIA,4.9,Pat Bryant,DEN,3.8,Calvin Ridley,TEN,3.7,Davante Adams,LAR,15.6,Jack Bech,LV,5.7,Michael Wilson,ARI,8.4,Quentin Johnston,LAC,11,Van Jefferson,TEN,1.6,–,–,–,–,–,–,BYE,BYE,BYE,Marquise Brown,KC,2,Xavier Hutchinson,HOU,5.9,Brian Thomas Jr.,JAX,11.7,Cooper Kupp,SEA,9.6,Kendrick Bourne,SF,5.7
IND,WR,Nick Westbrook-Ikhine,MIA,1.7,Courtland Sutton,DEN,1.6,Chimere Dike,TEN,3.5,Jordan Whittington,LAR,1.7,–,–,–,Marvin Harrison Jr.,ARI,5.2,Tre Harris,LAC,4.3,–,–,–,–,–,–,–,–,–,BYE,BYE,BYE,JuJu Smith-Schuster,KC,1.8,–,–,–,–,–,–,–,–,–,Skyy Moore,SF,3.3
IND,WR,–,–,–,–,–,–,Van Jefferson,TEN,1.8,–,–,–,–,–,–,–,–,–,–,–,–,–,–,–,–,–,–,–,–,–,BYE,BYE,BYE,–,–,–,–,–,–,–,–,–,–,–,–,Marquez Valdes-Scantling,SF,1.6
IND,TE,–,–,–,Adam Trautman,DEN,10,Chigoziem Okonkwo,TEN,11.6,Tyler Higbee,LAR,4.5,–,–,–,Trey McBride,ARI,21.2,Oronde Gadsden,LAC,29.4,Gunnar Helm,TEN,10.3,Pat Freiermuth,PIT,11.7,Kyle Pitts,ATL,5.8,BYE,BYE,BYE,Travis Kelce,KC,8.4,Dalton Schultz,HOU,12.5,Brenton Strange,JAX,5.7,AJ Barner,SEA,5.7,George Kittle,SF,24.5
IND,TE,–,–,–,Evan Engram,DEN,2.2,Gunnar Helm,TEN,5.7,Colby Parkinson,LAR,3.7,–,–,–,Elijah Higgins,ARI,5.4,–,–,–,Chigoziem Okonkwo,TEN,9.3,Darnell Washington,PIT,8.3,–,–,–,BYE,BYE,BYE,Noah Gray,KC,5.5,Cade Stover,HOU,3.9,–,–,–,–,–,–,Jake Tonges,SF,2.7
IND,TE,–,–,–,–,–,–,–,–,–,Davis Allen,LAR,1,–,–,–,–,–,–,–,–,–,–,–,–,Jonnu Smith,PIT,5.5,–,–,–,BYE,BYE,BYE,–,–,–,–,–,–,–,–,–,–,–,–,–,–,–
JAX,QB,Bryce Young,CAR,10.16,Jake Browning,CIN,20.74,C.J. Stroud,HOU,12.36,Brock Purdy,SF,19.66,Patrick Mahomes,KC,27.72,Sam Darnold,SEA,20,Matthew Stafford,LAR,27.38,BYE,BYE,BYE,Geno Smith,LV,27.26,Davis Mills,HOU,28.68,Justin Herbert,LAC,4.34,Jacoby Brissett,ARI,18.68,Cam Ward,TEN,6.34,Riley Leonard,IND,11.3,–,–,–,Bo Nix,DEN,16.18
JAX,QB,–,–,–,Joe Burrow,CIN,7.04,–,–,–,–,–,–,–,–,–,–,–,–,–,–,–,BYE,BYE,BYE,–,–,–,–,–,–,Trey Lance,LAC,1.58,–,–,–,–,–,–,Daniel Jones,IND,1.8,–,–,–,–,–,–
JAX,QB,–,–,–,–,–,–,–,–,–,–,–,–,–,–,–,–,–,–,Jimmy Garoppolo,LAR,-0.3,BYE,BYE,BYE,–,–,–,–,–,–,–,–,–,–,–,–,–,–,–,–,–,–,–,–,–,–,–,–
JAX,RB,Chuba Hubbard,CAR,17.9,Chase Brown,CIN,8.5,Nick Chubb,HOU,7,Christian McCaffrey,SF,26.1,Kareem Hunt,KC,18.7,Kenneth Walker III,SEA,4.7,Kyren Williams,LAR,8.5,BYE,BYE,BYE,Ashton Jeanty,LV,19.9,Woody Marks,HOU,16.1,Kimani Vidal,LAC,3.2,Zonovan Knight,ARI,13.2,Tyjae Spears,TEN,8.4,Jonathan Taylor,IND,11.4,Isaiah Davis,NYJ,13.5,RJ Harvey,DEN,22.1
JAX,RB,Rico Dowdle,CAR,3.6,–,–,–,Woody Marks,HOU,4.6,Brian Robinson,SF,2.1,Isiah Pacheco,KC,8.6,Zach Charbonnet,SEA,4.7,Blake Corum,LAR,5.3,BYE,BYE,BYE,Raheem Mostert,LV,2.4,Nick Chubb,HOU,6.2,–,–,–,Michael Carter,ARI,8.8,Tony Pollard,TEN,5.3,–,–,–,Breece Hall,NYJ,5.7,Jaleel McLaughlin,DEN,3.7
JAX,RB,Trevor Etienne,CAR,0.4,–,–,–,–,–,–,–,–,–,Brashard Smith,KC,6.6,–,–,–,–,–,–,BYE,BYE,BYE,–,–,–,–,–,–,–,–,–,–,–,–,–,–,–,–,–,–,–,–,–,Tyler Badie,DEN,1.2
JAX,WR,Tetairoa McMillan,CAR,11.8,Ja'Marr Chase,CIN,36.5,Nico Collins,HOU,22.4,Ricky Pearsall,SF,8.6,Tyquan Thornton,KC,12,Jaxon Smith-Njigba,SEA,30.2,Davante Adams,LAR,26.5,BYE,BYE,BYE,Tre Tucker,LV,6.8,Nico Collins,HOU,22.6,Keenan Allen,LAC,9.3,Michael Wilson,ARI,21.8,Van Jefferson,TEN,5,Michael Pittman,IND,16.9,Adonai Mitchell,NYJ,17.4,Courtland Sutton,DEN,20.6
JAX,WR,Xavier Legette,CAR,4,Tee Higgins,CIN,14.6,Christian Kirk,HOU,5.5,Jauan Jennings,SF,6.4,Xavier Worthy,KC,11.1,Cooper Kupp,SEA,12,Konata Mumpfield,LAR,7.5,BYE,BYE,BYE,Jakobi Meyers,JAX,6.3,Jayden Higgins,HOU,15.2,Ladd McConkey,LAC,4.3,Greg Dortch,ARI,16.8,Xavier Restrepo,TEN,2.5,Alec Pierce,IND,13,John Metchie,NYJ,6.9,Troy Franklin,DEN,10.6
JAX,WR,Hunter Renfrow,CAR,3.1,Andrei Iosivas,CIN,2.2,Xavier Hutchinson,HOU,4.6,Demarcus Robinson,SF,3,Marquise Brown,KC,8.8,–,–,–,Jordan Whittington,LAR,2.9,BYE,BYE,BYE,–,–,–,Jaylin Noel,HOU,7.5,Tre Harris,LAC,2.2,–,–,–,Tyler Lockett,LV,2.1,Josh Downs,IND,6.3,Allen Lazard,NYJ,1.6,Pat Bryant,DEN,9.2
JAX,WR,–,–,–,–,–,–,Jayden Higgins,HOU,1.5,Kendrick Bourne,SF,2.7,JuJu Smith-Schuster,KC,3.7,–,–,–,–,–,–,BYE,BYE,BYE,–,–,–,Christian Kirk,HOU,1.3,–,–,–,–,–,–,Elic Ayomanor,TEN,1.5,–,–,–,–,–,–,Marvin Mims,DEN,5.9
JAX,WR,–,–,–,–,–,–,Jaylin Noel,HOU,1.4,–,–,–,–,–,–,–,–,–,–,–,–,BYE,BYE,BYE,–,–,–,–,–,–,–,–,–,–,–,–,–,–,–,–,–,–,–,–,–,–,–,–
JAX,TE,Ja'Tavion Sanders,CAR,4.7,Noah Fant,CIN,5.8,Dalton Schultz,HOU,8.9,Jake Tonges,SF,14.8,Travis Kelce,KC,19.1,AJ Barner,SEA,10.1,Terrance Ferguson,LAR,10.1,BYE,BYE,BYE,Brock Bowers,LV,43.3,Dalton Schultz,HOU,18.3,Oronde Gadsden,LAC,6.1,Trey McBride,ARI,16.9,Gunnar Helm,TEN,8.3,Tyler Warren,IND,3.7,Jeremy Ruckert,NYJ,3.3,Evan Engram,DEN,5.6
JAX,TE,Tommy Tremble,CAR,1.2,Mike Gesicki,CIN,4.8,–,–,–,–,–,–,–,–,–,Elijah Arroyo,SEA,1.6,Colby Parkinson,LAR,7.7,BYE,BYE,BYE,Michael Mayer,LV,5.6,–,–,–,–,–,–,–,–,–,Chigoziem Okonkwo,TEN,6.9,–,–,–,–,–,–,Adam Trautman,DEN,3.4
JAX,TE,–,–,–,–,–,–,–,–,–,–,–,–,–,–,–,–,–,–,Tyler Higbee,LAR,4.9,BYE,BYE,BYE,–,–,–,–,–,–,–,–,–,–,–,–,–,–,–,–,–,–,–,–,–,–,–,–
JAX,TE,–,–,–,–,–,–,–,–,–,–,–,–,–,–,–,–,–,–,Davis Allen,LAR,1.4,BYE,BYE,BYE,–,–,–,–,–,–,–,–,–,–,–,–,–,–,–,–,–,–,–,–,–,–,–,–
KC,QB,Justin Herbert,LAC,27.92,Jalen Hurts,PHI,11.54,Russell Wilson,NYG,7.1,Lamar Jackson,BAL,11.68,Trevor Lawrence,JAX,27.24,Jared Goff,DET,16.82,Geno Smith,LV,2.78,Marcus Mariota,WAS,13.32,Josh Allen,BUF,28.82,BYE,BYE,BYE,Bo Nix,DEN,12.6,Daniel Jones,IND,16.84,Dak Prescott,DAL,21.6,C.J. Stroud,HOU,12.62,Justin Herbert,LAC,11.4,Cam Ward,TEN,18.02
KC,QB,–,–,–,–,–,–,Jaxson Dart,NYG,0.3,–,–,–,–,–,–,–,–,–,–,–,–,–,–,–,–,–,–,BYE,BYE,BYE,–,–,–,–,–,–,–,–,–,–,–,–,–,–,–,–,–,–
KC,QB,–,–,–,–,–,–,–,–,–,–,–,–,–,–,–,–,–,–,Kenny Pickett,LV,-1.68,–,–,–,–,–,–,BYE,BYE,BYE,–,–,–,–,–,–,–,–,–,–,–,–,–,–,–,–,–,–
KC,RB,Omarion Hampton,LAC,8.1,Saquon Barkley,PHI,17.4,Cam Skattebo,NYG,24.1,Justice Hill,BAL,28.7,Travis Etienne,JAX,8.8,David Montgomery,DET,8.1,Ashton Jeanty,LV,4.4,Jeremy McNichols,WAS,11.8,James Cook,BUF,13.5,BYE,BYE,BYE,Jaleel McLaughlin,DEN,8.4,Jonathan Taylor,IND,8.6,Javonte Williams,DAL,17,Woody Marks,HOU,15.6,Omarion Hampton,LAC,7.5,Tyjae Spears,TEN,21.5
KC,RB,Najee Harris,LAC,2,AJ Dillon,PHI,1.9,Tyrone Tracy,NYG,5.6,Derrick Henry,BAL,7.8,Bhayshul Tuten,JAX,2.1,Jahmyr Gibbs,DET,7.5,Dylan Laube,LV,1.4,Jacory Croskey-Merritt,WAS,2.5,Ty Johnson,BUF,10,BYE,BYE,BYE,RJ Harvey,DEN,8,–,–,–,–,–,–,Nick Chubb,HOU,0.3,Kimani Vidal,LAC,5.8,Tony Pollard,TEN,10.2
KC,RB,–,–,–,–,–,–,Devin Singletary,NYG,1.1,–,–,–,–,–,–,–,–,–,Raheem Mostert,LV,1.2,Chris Rodriguez,WAS,0.2,–,–,–,BYE,BYE,BYE,Tyler Badie,DEN,1,–,–,–,–,–,–,–,–,–,–,–,–,Julius Chestnut,TEN,0.1
KC,WR,Quentin Johnston,LAC,24.9,DeVonta Smith,PHI,9.3,Darius Slayton,NYG,7,Zay Flowers,BAL,14.4,Brian Thomas Jr.,JAX,12,Jameson Williams,DET,18.6,Tre Tucker,LV,8.3,Terry McLaurin,WAS,14.4,Khalil Shakir,BUF,11.3,BYE,BYE,BYE,Pat Bryant,DEN,13.2,Michael Pittman,IND,13.7,CeeDee Lamb,DAL,24.2,Nico Collins,HOU,16.1,KeAndre Lambert-Smith,LAC,8.6,Chimere Dike,TEN,13
KC,WR,Keenan Allen,LAC,19.8,A.J. Brown,PHI,7.7,Wan'Dale Robinson,NYG,3.6,Rashod Bateman,BAL,3.4,Parker Washington,JAX,9.6,Amon-Ra St. Brown,DET,13.7,Jack Bech,LV,3.3,Luke McCaffrey,WAS,5.4,Elijah Moore,BUF,3.8,BYE,BYE,BYE,Troy Franklin,DEN,12.4,Ashton Dulin,IND,5.8,George Pickens,DAL,16.8,Jayden Higgins,HOU,6.4,Keenan Allen,LAC,8.6,Elic Ayomanor,TEN,8.8
KC,WR,Ladd McConkey,LAC,13.4,Jahan Dotson,PHI,1.4,Malik Nabers,NYG,3.3,Tylan Wallace,BAL,2.4,Travis Hunter,JAX,9.4,–,–,–,–,–,–,Deebo Samuel,WAS,4.2,Keon Coleman,BUF,3.7,BYE,BYE,BYE,Courtland Sutton,DEN,9.9,Alec Pierce,IND,3.6,KaVontae Turpin,DAL,8.1,Jaylin Noel,HOU,3.3,Tre Harris,LAC,7.9,Van Jefferson,TEN,4.4
KC,WR,Tre Harris,LAC,2.1,John Metchie,PHI,1,–,–,–,–,–,–,Dyami Brown,JAX,3.5,–,–,–,–,–,–,Jaylin Lane,WAS,1,Curtis Samuel,BUF,1.6,BYE,BYE,BYE,Marvin Mims,DEN,0.2,Josh Downs,IND,3,Ryan Flournoy,DAL,6.4,Christian Kirk,HOU,1.6,Ladd McConkey,LAC,4,–,–,–
KC,WR,Derius Davis,LAC,0.3,–,–,–,–,–,–,–,–,–,–,–,–,–,–,–,–,–,–,–,–,–,–,–,–,BYE,BYE,BYE,–,–,–,–,–,–,–,–,–,–,–,–,–,–,–,–,–,–
KC,TE,Tyler Conklin,LAC,7.2,Grant Calcaterra,PHI,1.6,Theo Johnson,NYG,2,Mark Andrews,BAL,10,Brenton Strange,JAX,3.2,Sam LaPorta,DET,16.5,Michael Mayer,LV,2,Zach Ertz,WAS,5.6,Dalton Kincaid,BUF,22.1,BYE,BYE,BYE,Evan Engram,DEN,7.3,Tyler Warren,IND,9.5,Jake Ferguson,DAL,8.6,Dalton Schultz,HOU,5.2,Oronde Gadsden,LAC,10.1,Chigoziem Okonkwo,TEN,16.4
KC,TE,Will Dissly,LAC,2.8,Kylen Granson,PHI,1.5,Daniel Bellinger,NYG,1.6,–,–,–,Hunter Long,JAX,1.3,–,–,–,–,–,–,Ben Sinnott,WAS,3.2,Dawson Knox,BUF,4,BYE,BYE,BYE,Adam Trautman,DEN,1.8,Andrew Ogletree,IND,8.8,Luke Schoonmaker,DAL,1.1,–,–,–,–,–,–,Gunnar Helm,TEN,2.9
LAC,QB,Patrick Mahomes,KC,26.02,Geno Smith,LV,6.2,Bo Nix,DEN,13.42,Jaxson Dart,NYG,19.84,Jayden Daniels,WAS,17.14,Tua Tagovailoa,MIA,9.6,Daniel Jones,IND,22.22,Carson Wentz,MIN,8.76,Cam Ward,TEN,6.4,Aaron Rodgers,PIT,8.44,Trevor Lawrence,JAX,16.02,BYE,BYE,BYE,Geno Smith,LV,13,Jalen Hurts,PHI,4.4,Patrick Mahomes,KC,14.06,Dak Prescott,DAL,19.16
LAC,QB,–,–,–,–,–,–,–,–,–,Russell Wilson,NYG,0.32,–,–,–,–,–,–,–,–,–,–,–,–,–,–,–,–,–,–,–,–,–,BYE,BYE,BYE,–,–,–,–,–,–,–,–,–,–,–,–
LAC,RB,Isiah Pacheco,KC,4.8,Ashton Jeanty,LV,7.4,J.K. Dobbins,DEN,15.3,Cam Skattebo,NYG,13,Jacory Croskey-Merritt,WAS,27,De'Von Achane,MIA,31,Jonathan Taylor,IND,34.2,Aaron Jones,MIN,5,Tyjae Spears,TEN,9.2,Jaylen Warren,PIT,11.1,Travis Etienne,JAX,19.3,BYE,BYE,BYE,Ashton Jeanty,LV,12.1,Saquon Barkley,PHI,18.2,Kareem Hunt,KC,3,Javonte Williams,DAL,6.3
LAC,RB,Kareem Hunt,KC,4.6,Dylan Laube,LV,3.7,RJ Harvey,DEN,4.6,Devin Singletary,NYG,2.8,Jeremy McNichols,WAS,2.8,Ollie Gordon,MIA,1.2,–,–,–,Zavier Scott,MIN,4.4,Tony Pollard,TEN,7.8,Kenneth Gainwell,PIT,2.4,Bhayshul Tuten,JAX,13.4,BYE,BYE,BYE,Raheem Mostert,LV,0.6,Will Shipley,PHI,1.3,Isiah Pacheco,KC,2.1,–,–,–
LAC,RB,–,–,–,Zamir White,LV,3.3,–,–,–,–,–,–,Chris Rodriguez,WAS,0.7,–,–,–,–,–,–,Jordan Mason,MIN,1.6,–,–,–,Kaleb Johnson,PIT,0.3,LeQuint Allen,JAX,3.6,BYE,BYE,BYE,–,–,–,Audric Estime,PHI,1.1,Brashard Smith,KC,0.1,–,–,–
LAC,RB,–,–,–,–,–,–,–,–,–,–,–,–,–,–,–,–,–,–,–,–,–,–,–,–,–,–,–,–,–,–,–,–,–,BYE,BYE,BYE,–,–,–,Tank Bigsby,PHI,0.4,–,–,–,–,–,–
LAC,WR,Marquise Brown,KC,19.9,Jakobi Meyers,LV,12.8,Courtland Sutton,DEN,23.8,Darius Slayton,NYG,7.4,Deebo Samuel,WAS,23.6,Jaylen Waddle,MIA,15.82,Michael Pittman,IND,20.8,Justin Jefferson,MIN,14.4,Elic Ayomanor,TEN,7.6,Roman Wilson,PIT,11.5,Jakobi Meyers,JAX,11.4,BYE,BYE,BYE,Tre Tucker,LV,5,A.J. Brown,PHI,16,Rashee Rice,KC,12.1,George Pickens,DAL,26
LAC,WR,JuJu Smith-Schuster,KC,10.5,Tre Tucker,LV,4.9,Troy Franklin,DEN,2.8,Wan'Dale Robinson,NYG,4.4,Luke McCaffrey,WAS,6,Malik Washington,MIA,6.3,Alec Pierce,IND,14.8,Jordan Addison,MIN,11.6,Chimere Dike,TEN,7.5,DK Metcalf,PIT,6.5,Tim Patrick,JAX,11,BYE,BYE,BYE,Jack Bech,LV,4.2,DeVonta Smith,PHI,7.7,Tyquan Thornton,KC,6.7,CeeDee Lamb,DAL,11.1
LAC,WR,Tyquan Thornton,KC,6.1,Dont'e Thornton,LV,3,Marvin Mims,DEN,1.4,Malik Nabers,NYG,4,Jaylin Lane,WAS,2.6,–,–,–,Adonai Mitchell,IND,1.8,–,–,–,Van Jefferson,TEN,3.1,Calvin Austin III,PIT,3.4,Parker Washington,JAX,4,BYE,BYE,BYE,Dont'e Thornton,LV,2.1,Jahan Dotson,PHI,1.3,Xavier Worthy,KC,5.5,Ryan Flournoy,DAL,9.8
LAC,WR,,,,,,,,,,,,,,,,,,,,,,,,,,,,,,,,,,,,,,,,,,,,,,KaVontae Turpin,DAL,4.7
LAC,TE,Travis Kelce,KC,12.7,Brock Bowers,LV,8.8,–,–,–,Theo Johnson,NYG,10.7,–,–,–,Darren Waller,MIA,9.2,Tyler Warren,IND,16.9,T.J. Hockenson,MIN,4.6,Chigoziem Okonkwo,TEN,3,Pat Freiermuth,PIT,6.3,–,–,–,BYE,BYE,BYE,Brock Bowers,LV,22.3,Dallas Goedert,PHI,15.8,Travis Kelce,KC,14,Jake Ferguson,DAL,4.9
LAC,TE,Noah Gray,KC,1.3,Michael Mayer,LV,2.9,–,–,–,Daniel Bellinger,NYG,2.3,–,–,–,–,–,–,–,–,–,–,–,–,Gunnar Helm,TEN,2.5,Darnell Washington,PIT,2.5,–,–,–,BYE,BYE,BYE,–,–,–,–,–,–,–,–,–,–,–,–
LAC,TE,–,–,–,–,–,–,–,–,–,–,–,–,–,–,–,–,–,–,–,–,–,–,–,–,–,–,–,Jonnu Smith,PIT,1.4,–,–,–,BYE,–,–,–,–,–,–,–,–,–,–,–,–,–,–
LAR,QB,C.J. Stroud,HOU,9.72,Cam Ward,TEN,9.8,Jalen Hurts,PHI,29.04,Daniel Jones,IND,12.38,Mac Jones,SF,22.18,Tyler Huntley,BAL,6.62,Trevor Lawrence,JAX,17.64,BYE,BYE,BYE,Tyler Shough,NO,10.24,Mac Jones,SF,24.06,Sam Darnold,SEA,8.26,Baker Mayfield,TB,5.54,Bryce Young,CAR,22.54,Jacoby Brissett,ARI,20.04,Jared Goff,DET,25.52,Sam Darnold,SEA,21.5
LAR,RB,Nick Chubb,HOU,6,Tony Pollard,TEN,9.2,Saquon Barkley,PHI,9.5,Jonathan Taylor,IND,14.6,Christian McCaffrey,SF,27.9,Derrick Henry,BAL,14,Travis Etienne,JAX,6.5,BYE,BYE,BYE,Devin Neal,NO,2.2,Christian McCaffrey,SF,17.6,Kenneth Walker III,SEA,20.1,Sean Tucker,TB,5.6,Chuba Hubbard,CAR,20.4,Zonovan Knight,ARI,6.4,Jahmyr Gibbs,DET,9.8,Kenneth Walker III,SEA,25.4
LAR,RB,Dameon Pierce,HOU,0.5,–,–,–,–,–,–,Tyler Goodson,IND,1,Brian Robinson,SF,1.2,Justice Hill,BAL,9.4,Bhayshul Tuten,JAX,2.2,BYE,BYE,BYE,Alvin Kamara,NO,0.7,Brian Robinson,SF,11.5,Zach Charbonnet,SEA,6.7,Rachaad White,TB,5.2,Rico Dowdle,CAR,9.9,Michael Carter,ARI,5.1,David Montgomery,DET,9.2,Zach Charbonnet,SEA,17.4
LAR,RB,Woody Marks,HOU,0.3,–,–,–,–,–,–,–,–,–,–,–,–,–,–,–,LeQuint Allen,JAX,1.4,BYE,BYE,BYE,–,–,–,–,–,–,George Holani,SEA,0.6,–,–,–,Trevor Etienne,CAR,1.4,–,–,–,–,–,–,–,–,–
LAR,WR,Nico Collins,HOU,5.5,Elic Ayomanor,TEN,15.6,A.J. Brown,PHI,22.9,Michael Pittman,IND,15.1,Kendrick Bourne,SF,24.2,Zay Flowers,BAL,8.6,Travis Hunter,JAX,24.1,BYE,BYE,BYE,Rashid Shaheed,SEA,11.8,Jauan Jennings,SF,17.1,Jaxon Smith-Njigba,SEA,20.6,Tez Johnson,TB,12.3,Jalen Coker,CAR,17.4,Michael Wilson,ARI,37.2,Amon-Ra St. Brown,DET,41.4,Jaxon Smith-Njigba,SEA,23.6
LAR,WR,Xavier Hutchinson,HOU,5.5,Calvin Ridley,TEN,8.7,DeVonta Smith,PHI,20,Adonai Mitchell,IND,10.6,Demarcus Robinson,SF,6.9,DeAndre Hopkins,BAL,4,Parker Washington,JAX,10.2,BYE,BYE,BYE,Chris Olave,NO,8.7,Demarcus Robinson,SF,6.4,Cooper Kupp,SEA,5.3,Emeka Egbuka,TB,6.2,Tetairoa McMillan,CAR,11.3,–,–,–,Jameson Williams,DET,26.4,Rashid Shaheed,SEA,9.1
LAR,WR,Jayden Higgins,HOU,5.2,Van Jefferson,TEN,3,John Metchie,PHI,1.8,Josh Downs,IND,6.4,Marquez Valdes-Scantling,SF,1.9,Rashod Bateman,BAL,1.8,Dyami Brown,JAX,7,BYE,BYE,BYE,Brandin Cooks,NO,3.6,Kendrick Bourne,SF,2.9,Rashid Shaheed,SEA,4.9,Sterling Shepard,TB,4.2,Xavier Legette,CAR,1.1,–,–,–,Kalif Raymond,DET,3,Cooper Kupp,SEA,6.9
LAR,WR,Justin Watson,HOU,4.7,Tyler Lockett,TEN,2.9,Jahan Dotson,PHI,1.7,Ashton Dulin,IND,2.8,Skyy Moore,SF,0.1,–,–,–,Brian Thomas Jr.,JAX,6.1,BYE,BYE,BYE,–,–,–,Skyy Moore,SF,2.8,–,–,–,Chris Godwin,TB,2.9,–,–,–,–,–,–,–,–,–,–,–,–
LAR,WR,Jaylin Noel,HOU,1.7,Chimere Dike,TEN,2.8,–,–,–,–,–,–,–,–,–,–,–,–,Tim Patrick,JAX,3.2,BYE,BYE,BYE,–,–,–,–,–,–,–,–,–,–,–,–,–,–,–,–,–,–,–,–,–,–,–,–
LAR,TE,Cade Stover,HOU,6.2,Chigoziem Okonkwo,TEN,7.5,Dallas Goedert,PHI,10.3,Tyler Warren,IND,18.3,Jake Tonges,SF,17.1,Mark Andrews,BAL,6.6,Hunter Long,JAX,3.6,BYE,BYE,BYE,Juwan Johnson,NO,12.1,George Kittle,SF,23.4,AJ Barner,SEA,17.1,Cade Otton,TB,6.1,Mitchell Evans,CAR,5,Trey McBride,ARI,10.8,–,–,–,AJ Barner,SEA,15
LAR,TE,Dalton Schultz,HOU,5.8,Gunnar Helm,TEN,2.9,–,–,–,–,–,–,–,–,–,Isaiah Likely,BAL,2.6,–,–,–,BYE,BYE,BYE,Taysom Hill,NO,3,–,–,–,–,–,–,–,–,–,Tommy Tremble,CAR,1.2,Elijah Higgins,ARI,1,–,–,–,–,–,–
LV,QB,Drake Maye,NE,16.78,Justin Herbert,LAC,18.78,Marcus Mariota,WAS,20.28,Caleb Williams,CHI,12.78,Daniel Jones,IND,16.68,Cam Ward,TEN,7.88,Patrick Mahomes,KC,26.24,BYE,BYE,BYE,Trevor Lawrence,JAX,22.2,Bo Nix,DEN,7.8,Dak Prescott,DAL,24.32,Shedeur Sanders,CLE,11.26,Justin Herbert,LAC,13.84,Bo Nix,DEN,15.98,Jalen Hurts,PHI,22.9,C.J. Stroud,HOU,11.48
LV,QB,–,–,–,–,–,–,–,–,–,–,–,–,Anthony Richardson,IND,2.26,–,–,–,Gardner Minshew,KC,-0.3,BYE,BYE,BYE,–,–,–,–,–,–,–,–,–,–,–,–,Trey Lance,LAC,0.76,–,–,–,Tanner McKee,PHI,2.22,–,–,–
LV,RB,TreVeyon Henderson,NE,11.1,Najee Harris,LAC,6.8,Jeremy McNichols,WAS,13.8,D'Andre Swift,CHI,16,Jonathan Taylor,IND,31.6,Tyjae Spears,TEN,9,Brashard Smith,KC,13.1,BYE,BYE,BYE,Travis Etienne,JAX,16.5,J.K. Dobbins,DEN,9.4,Javonte Williams,DAL,10.3,Quinshon Judkins,CLE,16.7,Kimani Vidal,LAC,20.7,RJ Harvey,DEN,22,Saquon Barkley,PHI,17.2,Nick Chubb,HOU,5.2
LV,RB,Rhamondre Stevenson,NE,4.7,Omarion Hampton,LAC,3.5,Jacory Croskey-Merritt,WAS,10.1,Kyle Monangai,CHI,1.8,DJ Giddens,IND,2.2,Tony Pollard,TEN,6.7,Isiah Pacheco,KC,12.4,BYE,BYE,BYE,Bhayshul Tuten,JAX,9.6,RJ Harvey,DEN,3.8,–,–,–,Dylan Sampson,CLE,16.2,–,–,–,Jaleel McLaughlin,DEN,4.1,Audric Estime,PHI,8,–,–,–
LV,RB,Antonio Gibson,NE,0.3,–,–,–,Chris Rodriguez,WAS,3.9,–,–,–,–,–,–,–,–,–,Kareem Hunt,KC,1.8,BYE,BYE,BYE,LeQuint Allen,JAX,2.1,–,–,–,–,–,–,–,–,–,–,–,–,Tyler Badie,DEN,3.1,Tank Bigsby,PHI,5.7,–,–,–
LV,WR,Kayshon Boutte,NE,16.3,Keenan Allen,LAC,17.1,Luke McCaffrey,WAS,14.6,Rome Odunze,CHI,16.9,Michael Pittman,IND,14.9,Van Jefferson,TEN,11.5,Rashee Rice,KC,23.2,BYE,BYE,BYE,Parker Washington,JAX,17,Troy Franklin,DEN,15,George Pickens,DAL,29.4,Isaiah Bond,CLE,7.8,Ladd McConkey,LAC,13.9,Courtland Sutton,DEN,12.2,A.J. Brown,PHI,12.1,Nico Collins,HOU,9.9
LV,WR,Stefon Diggs,NE,11.7,Quentin Johnston,LAC,15.9,Terry McLaurin,WAS,10.4,Olamide Zaccheaus,CHI,9.1,Josh Downs,IND,11.4,Elic Ayomanor,TEN,5.7,Marquise Brown,KC,9.4,BYE,BYE,BYE,Brian Thomas Jr.,JAX,8.5,Courtland Sutton,DEN,5.4,CeeDee Lamb,DAL,17.6,Jerry Jeudy,CLE,2.9,Quentin Johnston,LAC,11.3,Marvin Mims,DEN,7.7,DeVonta Smith,PHI,7,Christian Kirk,HOU,6.7
LV,WR,Demario Douglas,NE,8.2,Ladd McConkey,LAC,9.8,Jaylin Lane,WAS,6.8,D.J. Moore,CHI,7.8,Ashton Dulin,IND,7.5,Calvin Ridley,TEN,2.8,Xavier Worthy,KC,7.8,BYE,BYE,BYE,Dyami Brown,JAX,5.9,Pat Bryant,DEN,5.3,Ryan Flournoy,DAL,7.2,Cedric Tillman,CLE,1.5,Keenan Allen,LAC,7,Pat Bryant,DEN,7.2,–,–,–,Jayden Higgins,HOU,2.7
LV,WR,Kyle Williams,NE,2.2,Tre Harris,LAC,5.4,Deebo Samuel,WAS,4.9,Luther Burden,CHI,1.6,–,–,–,Chimere Dike,TEN,2.8,JuJu Smith-Schuster,KC,6.5,BYE,BYE,BYE,–,–,–,–,–,–,KaVontae Turpin,DAL,1,Malachi Corley,CLE,1.2,Tre Harris,LAC,6,Troy Franklin,DEN,4.1,–,–,–,Xavier Hutchinson,HOU,1.4
LV,WR,Mack Hollins,NE,1.3,–,–,–,–,–,–,–,–,–,–,–,–,Tyler Lockett,TEN,1,Tyquan Thornton,KC,4.9,BYE,BYE,BYE,–,–,–,–,–,–,–,–,–,–,–,–,–,–,–,–,–,–,–,–,–,–,–,–
LV,TE,Hunter Henry,NE,10.6,Will Dissly,LAC,1.7,Zach Ertz,WAS,6.8,Cole Kmet,CHI,7.6,Tyler Warren,IND,14.4,Chigoziem Okonkwo,TEN,10.6,Travis Kelce,KC,8.4,BYE,BYE,BYE,Hunter Long,JAX,1.6,Evan Engram,DEN,3.2,Jake Ferguson,DAL,11.6,Harold Fannin,CLE,8.4,Oronde Gadsden,LAC,3.7,Adam Trautman,DEN,3.7,Dallas Goedert,PHI,25,Dalton Schultz,HOU,14.5
LV,TE,Austin Hooper,NE,2,–,–,–,–,–,–,–,–,–,–,–,–,Gunnar Helm,TEN,3.5,Noah Gray,KC,3.8,BYE,BYE,BYE,–,–,–,Adam Trautman,DEN,1.2,–,–,–,–,–,–,–,–,–,Evan Engram,DEN,2.8,Grant Calcaterra,PHI,1.4,Cade Stover,HOU,2.7
MIA,QB,Daniel Jones,IND,29.48,Drake Maye,NE,26.3,Josh Allen,BUF,23.02,Justin Fields,NYJ,27.14,Bryce Young,CAR,13.02,Justin Herbert,LAC,18.76,Dillon Gabriel,CLE,5.84,Kirk Cousins,ATL,7.12,Lamar Jackson,BAL,25.56,Josh Allen,BUF,20.34,Marcus Mariota,WAS,16.42,BYE,BYE,BYE,Tyler Shough,NO,18.36,–,–,–,Aaron Rodgers,PIT,16.96,Joe Burrow,CIN,28.96
MIA,QB,,,,,,,,,,,,,,,,,,,,,,,,,,,,,,,,,,,,,,,,,,,,,,Joe Flacco,CIN,0.16
MIA,RB,Jonathan Taylor,IND,12.8,Rhamondre Stevenson,NE,21.2,James Cook,BUF,20.8,Breece Hall,NYJ,16.1,Rico Dowdle,CAR,32.4,Kimani Vidal,LAC,22.8,Quinshon Judkins,CLE,26.4,Tyler Allgeier,ATL,9.4,Derrick Henry,BAL,13.1,James Cook,BUF,10.7,Chris Rodriguez,WAS,9.5,BYE,BYE,BYE,Devin Neal,NO,9.9,Breece Hall,NYJ,4.3,Kenneth Gainwell,PIT,19.6,Chase Brown,CIN,32.9
MIA,RB,DJ Giddens,IND,4.1,Antonio Gibson,NE,9.8,Ty Johnson,BUF,3.1,Isaiah Davis,NYJ,4.7,Trevor Etienne,CAR,3.9,Hassan Haskins,LAC,3.3,Jerome Ford,CLE,3,Bijan Robinson,ATL,5.8,Justice Hill,BAL,3.5,Ty Johnson,BUF,4.6,Jeremy McNichols,WAS,4.9,BYE,BYE,BYE,–,–,–,Isaiah Davis,NYJ,2.2,Jaylen Warren,PIT,7.8,Samaje Perine,CIN,12.1
MIA,RB,–,–,–,TreVeyon Henderson,NE,6,–,–,–,Braelon Allen,NYJ,0.6,–,–,–,–,–,–,Dylan Sampson,CLE,2.7,–,–,–,Keaton Mitchell,BAL,2.8,Ray Davis,BUF,0.8,Jacory Croskey-Merritt,WAS,4.3,BYE,BYE,BYE,–,–,–,–,–,–,Kaleb Johnson,PIT,0.4,Tahj Brooks,CIN,0.7
MIA,WR,Michael Pittman,IND,20,Kayshon Boutte,NE,8.6,Khalil Shakir,BUF,14.5,Garrett Wilson,NYJ,20.2,Tetairoa McMillan,CAR,13.3,Ladd McConkey,LAC,23,Jerry Jeudy,CLE,3.7,Darnell Mooney,ATL,2.1,Zay Flowers,BAL,11.4,Keon Coleman,BUF,13.6,Deebo Samuel,WAS,20.7,BYE,BYE,BYE,Devaughn Vele,NO,23.3,John Metchie,NYJ,7.4,DK Metcalf,PIT,14.5,Ja'Marr Chase,CIN,19.9
MIA,WR,Alec Pierce,IND,4.6,Mack Hollins,NE,7.8,Elijah Moore,BUF,6.1,Allen Lazard,NYJ,1.8,Xavier Legette,CAR,11.1,Keenan Allen,LAC,6.7,Malachi Corley,CLE,3.7,–,–,–,Rashod Bateman,BAL,9.3,Khalil Shakir,BUF,12.8,Jaylin Lane,WAS,2.3,BYE,BYE,BYE,Chris Olave,NO,14.7,Adonai Mitchell,NYJ,3.4,Isaiah Hodgins,PIT,1.4,Tee Higgins,CIN,14.3
MIA,WR,Adonai Mitchell,IND,4.1,Stefon Diggs,NE,7.2,Keon Coleman,BUF,5,–,–,–,Jimmy Horn,CAR,5.1,Tre Harris,LAC,6.7,Jamari Thrash,CLE,3.3,–,–,–,–,–,–,Curtis Samuel,BUF,3.1,–,–,–,BYE,BYE,BYE,Mason Tipton,NO,4.9,–,–,–,–,–,–,Andrei Iosivas,CIN,3.1
MIA,WR,Josh Downs,IND,3.2,Demario Douglas,NE,1.8,Joshua Palmer,BUF,1.5,–,–,–,Hunter Renfrow,CAR,1.7,KeAndre Lambert-Smith,LAC,1.1,–,–,–,–,–,–,–,–,–,Elijah Moore,BUF,2.8,–,–,–,BYE,BYE,BYE,Brandin Cooks,NO,2.3,–,–,–,–,–,–,–,–,–
MIA,WR,Ashton Dulin,IND,1.5,–,–,–,–,–,–,–,–,–,–,–,–,–,–,–,–,–,–,–,–,–,–,–,–,–,–,–,–,–,–,BYE,BYE,BYE,–,–,–,–,–,–,–,–,–,–,–,–
MIA,TE,Tyler Warren,IND,14.9,Austin Hooper,NE,6.8,Dalton Kincaid,BUF,17.6,Mason Taylor,NYJ,11.5,Tommy Tremble,CAR,1.7,Oronde Gadsden,LAC,11.8,Harold Fannin,CLE,7.6,Kyle Pitts,ATL,14.9,Mark Andrews,BAL,16.6,Dawson Knox,BUF,6.7,Zach Ertz,WAS,8.2,BYE,BYE,BYE,Juwan Johnson,NO,8.9,Mason Taylor,NYJ,10.1,Jonnu Smith,PIT,10.6,Mike Gesicki,CIN,12.5
MIA,TE,–,–,–,Hunter Henry,NE,1.9,–,–,–,Jeremy Ruckert,NYJ,3.3,–,–,–,Will Dissly,LAC,3.8,–,–,–,–,–,–,Charlie Kolar,BAL,10.3,Dalton Kincaid,BUF,5.7,–,–,–,BYE,BYE,BYE,Foster Moreau,NO,3.3,Jeremy Ruckert,NYJ,3.9,Pat Freiermuth,PIT,7.5,Drew Sample,CIN,5.1
MIA,TE,–,–,–,–,–,–,–,–,–,–,–,–,–,–,–,–,–,–,–,–,–,–,–,–,Isaiah Likely,BAL,9,–,–,–,–,–,–,BYE,BYE,BYE,Taysom Hill,NO,1.7,–,–,–,Darnell Washington,PIT,5.5,–,–,–
MIN,QB,Caleb Williams,CHI,24.2,Michael Penix Jr.,ATL,5.3,Jake Browning,CIN,7.9,Aaron Rodgers,PIT,12.8,Dillon Gabriel,CLE,16.1,BYE,BYE,BYE,Jalen Hurts,PHI,24.04,Justin Herbert,LAC,26.28,Jared Goff,DET,19.36,Lamar Jackson,BAL,16.64,Caleb Williams,CHI,10.32,Jordan Love,GB,7.06,Sam Darnold,SEA,3.12,Jayden Daniels,WAS,3.72,Dak Prescott,DAL,11.96,Jaxson Dart,NYG,1.02
MIN,QB,–,–,–,–,–,–,–,–,–,–,–,–,–,–,–,BYE,BYE,BYE,–,–,–,–,–,–,–,–,–,–,–,–,–,–,–,Malik Willis,GB,0.58,–,–,–,–,–,–,–,–,–,–,–,–
MIN,RB,D'Andre Swift,CHI,9.5,Bijan Robinson,ATL,19.8,Chase Brown,CIN,6,Kenneth Gainwell,PIT,31.4,Quinshon Judkins,CLE,13.8,BYE,BYE,BYE,Saquon Barkley,PHI,5.2,Kimani Vidal,LAC,19.7,David Montgomery,DET,11,Derrick Henry,BAL,11.4,Kyle Monangai,CHI,10.7,Emanuel Wilson,GB,26.5,Zach Charbonnet,SEA,11.2,Chris Rodriguez,WAS,5.2,Javonte Williams,DAL,15.1,Tyrone Tracy,NYG,9.8
MIN,RB,Kyle Monangai,CHI,2.1,Tyler Allgeier,ATL,15,Tahj Brooks,CIN,1.7,Kaleb Johnson,PIT,2.2,Jerome Ford,CLE,5.8,BYE,BYE,BYE,Tank Bigsby,PHI,2,–,–,–,Jahmyr Gibbs,DET,5.8,Justice Hill,BAL,8.3,D'Andre Swift,CHI,9,Chris Brooks,GB,3.6,Kenneth Walker III,SEA,10.4,Jacory Croskey-Merritt,WAS,3.2,–,–,–,Devin Singletary,NYG,5.6
MIN,RB,–,–,–,–,–,–,Samaje Perine,CIN,0.1,–,–,–,Dylan Sampson,CLE,1.2,BYE,BYE,BYE,Will Shipley,PHI,1.7,–,–,–,–,–,–,Keaton Mitchell,BAL,3.1,–,–,–,–,–,–,–,–,–,Jeremy McNichols,WAS,1.2,–,–,–,–,–,–
MIN,WR,Rome Odunze,CHI,15.7,Drake London,ATL,5.9,Ja'Marr Chase,CIN,8.9,DK Metcalf,PIT,23.6,Isaiah Bond,CLE,4.9,BYE,BYE,BYE,DeVonta Smith,PHI,33.3,Ladd McConkey,LAC,20.8,Amon-Ra St. Brown,DET,18.7,Zay Flowers,BAL,12.1,Rome Odunze,CHI,6.1,Christian Watson,GB,9.9,Cooper Kupp,SEA,5.4,Terry McLaurin,WAS,7.1,CeeDee Lamb,DAL,17.1,Wan'Dale Robinson,NYG,5.2
MIN,WR,D.J. Moore,CHI,8.6,Darnell Mooney,ATL,4,Tee Higgins,CIN,2.5,Calvin Austin III,PIT,3.3,Jerry Jeudy,CLE,3.5,BYE,BYE,BYE,A.J. Brown,PHI,28.1,Tre Harris,LAC,8.8,Jameson Williams,DET,16.6,Rashod Bateman,BAL,4,Luther Burden,CHI,5.7,Dontayvion Wicks,GB,5.2,Jaxon Smith-Njigba,SEA,4.3,Deebo Samuel,WAS,6.7,Ryan Flournoy,DAL,8,Lil'Jordan Humphrey,NYG,1.9
MIN,WR,Olamide Zaccheaus,CHI,8.2,–,–,–,–,–,–,–,–,–,Jamari Thrash,CLE,3.2,BYE,BYE,BYE,–,–,–,Keenan Allen,LAC,8.4,–,–,–,DeAndre Hopkins,BAL,3.6,D.J. Moore,CHI,3.1,Romeo Doubs,GB,4.3,Rashid Shaheed,SEA,2.6,Noah Brown,WAS,2.9,George Pickens,DAL,6.3,Darius Slayton,NYG,1.8
MIN,WR,Luther Burden,CHI,0.7,–,–,–,–,–,–,–,–,–,Malachi Corley,CLE,1.1,BYE,BYE,BYE,–,–,–,–,–,–,–,–,–,–,–,–,–,–,–,–,–,–,–,–,–,–,–,–,Jonathan Mingo,DAL,3.5,–,–,–
MIN,WR,–,–,–,–,–,–,–,–,–,–,–,–,–,–,–,BYE,BYE,BYE,–,–,–,–,–,–,–,–,–,–,–,–,–,–,–,–,–,–,–,–,–,–,–,–,KaVontae Turpin,DAL,3.2,–,–,–
MIN,TE,Cole Kmet,CHI,4.1,Kyle Pitts,ATL,7.7,Noah Fant,CIN,5.6,Darnell Washington,PIT,5,David Njoku,CLE,18.7,BYE,BYE,BYE,Dallas Goedert,PHI,4.8,Oronde Gadsden,LAC,18.7,Sam LaPorta,DET,21.7,Mark Andrews,BAL,10.4,Cole Kmet,CHI,9.5,Luke Musgrave,GB,1.7,AJ Barner,SEA,7.7,Zach Ertz,WAS,2.1,Luke Schoonmaker,DAL,3.9,–,–,–
MIN,TE,Colston Loveland,CHI,3.2,–,–,–,Mike Gesicki,CIN,1.6,Jonnu Smith,PIT,2.6,Harold Fannin,CLE,11.3,BYE,BYE,BYE,–,–,–,–,–,–,Brock Wright,DET,2.1,Isaiah Likely,BAL,3.7,Colston Loveland,CHI,7,–,–,–,–,–,–,Ben Sinnott,WAS,1.8,Jake Ferguson,DAL,3.6,–,–,–
MIN,TE,–,–,–,–,–,–,–,–,–,–,–,–,–,–,–,BYE,BYE,BYE,–,–,–,–,–,–,–,–,–,Charlie Kolar,BAL,3.3,–,–,–,–,–,–,–,–,–,–,–,–,–,–,–,–,–,–
NE,QB,Geno Smith,LV,18.48,Tua Tagovailoa,MIA,19.6,Aaron Rodgers,PIT,12.66,Bryce Young,CAR,10.3,Josh Allen,BUF,20.42,Spencer Rattler,NO,11.08,Cam Ward,TEN,11.2,Dillon Gabriel,CLE,13.54,Michael Penix Jr.,ATL,22.74,Baker Mayfield,TB,22.92,Justin Fields,NYJ,19.34,Joe Flacco,CIN,10.62,Jaxson Dart,NYG,13.56,BYE,BYE,BYE,Josh Allen,BUF,24.52,Lamar Jackson,BAL,4.74
NE,QB,–,–,–,–,–,–,–,–,–,–,–,–,–,–,–,–,–,–,–,–,–,–,–,–,–,–,–,–,–,–,–,–,–,Jake Browning,CIN,0.56,–,–,–,BYE,BYE,BYE,–,–,–,Tyler Huntley,BAL,2.8
NE,RB,Ashton Jeanty,LV,12,De'Von Achane,MIA,26.2,Jaylen Warren,PIT,13.1,Chuba Hubbard,CAR,9.9,James Cook,BUF,4.9,Alvin Kamara,NO,12.6,Tony Pollard,TEN,12.1,Dylan Sampson,CLE,7.9,Bijan Robinson,ATL,17.6,Rachaad White,TB,10.4,Breece Hall,NYJ,8.4,Chase Brown,CIN,15,Devin Singletary,NYG,19.2,BYE,BYE,BYE,James Cook,BUF,31.1,Derrick Henry,BAL,22.8
NE,RB,Zamir White,LV,0.8,Ollie Gordon,MIA,2.3,Kenneth Gainwell,PIT,9.6,Rico Dowdle,CAR,4,Ty Johnson,BUF,1,Kendre Miller,NO,4.2,Tyjae Spears,TEN,7,Quinshon Judkins,CLE,4.7,Tyler Allgeier,ATL,0.6,Sean Tucker,TB,6.1,Isaiah Davis,NYJ,1.1,Tahj Brooks,CIN,0.5,Tyrone Tracy,NYG,4.3,BYE,BYE,BYE,Ty Johnson,BUF,5.8,Rasheen Ali,BAL,2.2
NE,RB,–,–,–,–,–,–,–,–,–,Trevor Etienne,CAR,3.3,Ray Davis,BUF,0.1,–,–,–,–,–,–,Jerome Ford,CLE,0.9,–,–,–,–,–,–,–,–,–,–,–,–,–,–,–,BYE,BYE,BYE,Ray Davis,BUF,2.3,Keaton Mitchell,BAL,1.3
NE,WR,Jakobi Meyers,LV,17.7,Jaylen Waddle,MIA,17.8,Calvin Austin III,PIT,12.4,Tetairoa McMillan,CAR,10.2,Khalil Shakir,BUF,11,Chris Olave,NO,15.8,Chimere Dike,TEN,16.9,Jamari Thrash,CLE,5.1,Drake London,ATL,38.8,Emeka Egbuka,TB,23.5,John Metchie,NYJ,13.5,Andrei Iosivas,CIN,10.6,Darius Slayton,NYG,14.1,BYE,BYE,BYE,Khalil Shakir,BUF,11.5,Zay Flowers,BAL,21.2
NE,WR,Tre Tucker,LV,13.4,Tyreek Hill,MIA,16.9,DK Metcalf,PIT,12.2,Hunter Renfrow,CAR,3,Curtis Samuel,BUF,10.6,Rashid Shaheed,NO,6.8,Van Jefferson,TEN,8.1,Malachi Corley,CLE,3.1,Darnell Mooney,ATL,2.5,Tez Johnson,TB,20.2,Adonai Mitchell,NYJ,2,Tee Higgins,CIN,8.1,Wan'Dale Robinson,NYG,10.4,BYE,BYE,BYE,Joshua Palmer,BUF,2.6,DeAndre Hopkins,BAL,8.1
NE,WR,Dont'e Thornton,LV,6.5,Malik Washington,MIA,9.5,–,–,–,–,–,–,Keon Coleman,BUF,10.3,Brandin Cooks,NO,3.1,Elic Ayomanor,TEN,4.9,–,–,–,Ray-Ray McCloud,ATL,1.5,Sterling Shepard,TB,6.1,–,–,–,–,–,–,–,–,–,BYE,BYE,BYE,–,–,–,–,–,–
NE,WR,Jack Bech,LV,3.3,Nick Westbrook-Ikhine,MIA,3.8,–,–,–,–,–,–,Joshua Palmer,BUF,5.6,–,–,–,Tyler Lockett,TEN,3.8,–,–,–,–,–,–,Kameron Johnson,TB,1.1,–,–,–,–,–,–,–,–,–,BYE,BYE,BYE,–,–,–,–,–,–
NE,TE,Brock Bowers,LV,15.3,–,–,–,Jonnu Smith,PIT,5.3,Tommy Tremble,CAR,15.2,Dalton Kincaid,BUF,16.8,Taysom Hill,NO,6.1,Gunnar Helm,TEN,7.6,Harold Fannin,CLE,18.4,Kyle Pitts,ATL,7.8,Cade Otton,TB,17.2,Mason Taylor,NYJ,7,Mike Gesicki,CIN,7.5,Theo Johnson,NYG,5.9,BYE,BYE,BYE,Dawson Knox,BUF,18.7,Mark Andrews,BAL,4.4
NE,TE,Michael Mayer,LV,7.8,–,–,–,Pat Freiermuth,PIT,1.6,–,–,–,Dawson Knox,BUF,3.5,Foster Moreau,NO,1.9,–,–,–,David Njoku,CLE,13.7,–,–,–,–,–,–,Jeremy Ruckert,NYJ,6.3,Noah Fant,CIN,1.9,–,–,–,BYE,BYE,BYE,Dalton Kincaid,BUF,6.4,Charlie Kolar,BAL,2.8
NE,TE,–,–,–,–,–,–,–,–,–,–,–,–,–,–,–,Juwan Johnson,NO,1.5,–,–,–,–,–,–,–,–,–,–,–,–,–,–,–,Drew Sample,CIN,1,–,–,–,BYE,BYE,BYE,–,–,–,–,–,–
NO,QB,Kyler Murray,ARI,18.32,Mac Jones,SF,21.76,Sam Darnold,SEA,16.72,Josh Allen,BUF,25.86,Jaxson Dart,NYG,17.58,Drake Maye,NE,27.24,Caleb Williams,CHI,5.68,Baker Mayfield,TB,4.08,Matthew Stafford,LAR,26.84,Bryce Young,CAR,2.56,BYE,BYE,BYE,Kirk Cousins,ATL,15.46,Tua Tagovailoa,MIA,5.68,Baker Mayfield,TB,12.08,Bryce Young,CAR,15.42,–,–,–
NO,QB,–,–,–,–,–,–,Drew Lock,SEA,0.5,–,–,–,–,–,–,–,–,–,–,–,–,–,–,–,–,–,–,–,–,–,BYE,BYE,BYE,–,–,–,–,–,–,–,–,–,–,–,–,–,–,–
NO,QB,–,–,–,–,–,–,Jalen Milroe,SEA,0.3,–,–,–,–,–,–,–,–,–,–,–,–,–,–,–,–,–,–,–,–,–,BYE,BYE,BYE,–,–,–,–,–,–,–,–,–,–,–,–,–,–,–
NO,RB,James Conner,ARI,14.4,Christian McCaffrey,SF,22.7,Kenneth Walker III,SEA,18,James Cook,BUF,22.5,Cam Skattebo,NYG,14.4,TreVeyon Henderson,NE,4.6,D'Andre Swift,CHI,20.8,Sean Tucker,TB,10.2,Kyren Williams,LAR,17.4,Rico Dowdle,CAR,15.3,BYE,BYE,BYE,Bijan Robinson,ATL,14.7,De'Von Achane,MIA,19.4,Bucky Irving,TB,16.1,Rico Dowdle,CAR,12.4,Isaiah Davis,NYJ,10
NO,RB,Trey Benson,ARI,8.5,Brian Robinson,SF,2.9,–,–,–,Ray Davis,BUF,0.3,Devin Singletary,NYG,3.4,Rhamondre Stevenson,NE,1.8,Kyle Monangai,CHI,17.4,Rachaad White,TB,8.1,Blake Corum,LAR,5.8,Chuba Hubbard,CAR,2.5,BYE,BYE,BYE,Tyler Allgeier,ATL,5.9,Jaylen Wright,MIA,1.6,Sean Tucker,TB,8.9,Chuba Hubbard,CAR,4.8,Breece Hall,NYJ,8.3
NO,RB,–,–,–,–,–,–,–,–,–,–,–,–,–,–,–,–,–,–,Roschon Johnson,CHI,1.1,–,–,–,–,–,–,–,–,–,BYE,BYE,BYE,–,–,–,Ollie Gordon,MIA,1,Rachaad White,TB,6.5,–,–,–,–,–,–
NO,WR,Marvin Harrison Jr.,ARI,18.1,Jauan Jennings,SF,19.9,Jaxon Smith-Njigba,SEA,20.6,Khalil Shakir,BUF,17.9,Wan'Dale Robinson,NYG,8.2,Kayshon Boutte,NE,26.3,D.J. Moore,CHI,8.2,Tez Johnson,TB,9.3,Davante Adams,LAR,23,Tetairoa McMillan,CAR,11,BYE,BYE,BYE,Darnell Mooney,ATL,16.4,Jaylen Waddle,MIA,7,Chris Godwin,TB,10.5,Jalen Coker,CAR,14,Adonai Mitchell,NYJ,7.3
NO,WR,Michael Wilson,ARI,1.5,Ricky Pearsall,SF,9.2,Tory Horton,SEA,18.2,Keon Coleman,BUF,7.5,Darius Slayton,NYG,4.1,Demario Douglas,NE,16.1,Rome Odunze,CHI,5.1,Emeka Egbuka,TB,6.5,Puka Nacua,LAR,22.8,Jalen Coker,CAR,5.1,BYE,BYE,BYE,–,–,–,Malik Washington,MIA,7,Emeka Egbuka,TB,3.5,Xavier Legette,CAR,5.9,Tyler Johnson,NYJ,1.7
NO,WR,Zay Jones,ARI,1.4,Kendrick Bourne,SF,6.2,Cooper Kupp,SEA,5.1,Joshua Palmer,BUF,4.5,–,–,–,Stefon Diggs,NE,5.8,Luther Burden,CHI,3.1,Sterling Shepard,TB,1.8,–,–,–,–,–,–,BYE,BYE,BYE,–,–,–,–,–,–,Sterling Shepard,TB,1.5,Tetairoa McMillan,CAR,4.5,John Metchie,NYJ,1.4
NO,WR,Greg Dortch,ARI,0.8,–,–,–,–,–,–,Curtis Samuel,BUF,1.9,–,–,–,Mack Hollins,NE,4.8,Olamide Zaccheaus,CHI,2.9,–,–,–,–,–,–,–,–,–,BYE,BYE,BYE,–,–,–,–,–,–,–,–,–,Jimmy Horn,CAR,1.7,–,–,–
NO,TE,Trey McBride,ARI,12.1,Jake Tonges,SF,7.1,AJ Barner,SEA,3.3,Dalton Kincaid,BUF,9.8,Theo Johnson,NYG,21.3,Hunter Henry,NE,5.7,Colston Loveland,CHI,5.4,Cade Otton,TB,8,Tyler Higbee,LAR,10.3,Ja'Tavion Sanders,CAR,8.2,BYE,BYE,BYE,Kyle Pitts,ATL,4.5,Darren Waller,MIA,6.7,Cade Otton,TB,4.9,Tommy Tremble,CAR,3.3,Jeremy Ruckert,NYJ,3.4
NO,TE,Tip Reiman,ARI,2,–,–,–,–,–,–,–,–,–,Daniel Bellinger,NYG,9.2,Austin Hooper,NE,1.5,Cole Kmet,CHI,2.6,–,–,–,Terrance Ferguson,LAR,7.4,–,–,–,BYE,BYE,BYE,–,–,–,Greg Dulcich,MIA,4.4,–,–,–,Ja'Tavion Sanders,CAR,2.5,–,–,–
NO,TE,Elijah Higgins,ARI,1.3,–,–,–,–,–,–,–,–,–,–,–,–,–,–,–,–,–,–,–,–,–,Davis Allen,LAR,6.7,–,–,–,BYE,BYE,BYE,–,–,–,–,–,–,–,–,–,–,–,–,–,–,–
NO,TE,–,–,–,–,–,–,–,–,–,–,–,–,–,–,–,–,–,–,–,–,–,–,–,–,Colby Parkinson,LAR,3,–,–,–,BYE,BYE,BYE,–,–,–,–,–,–,–,–,–,–,–,–,–,–,–
NYG,QB,Jayden Daniels,WAS,20.12,Dak Prescott,DAL,23.14,Patrick Mahomes,KC,13.16,Justin Herbert,LAC,14.52,Spencer Rattler,NO,16.1,Jalen Hurts,PHI,21.62,Bo Nix,DEN,39.96,Jalen Hurts,PHI,25.36,Mac Jones,SF,15.8,Caleb Williams,CHI,25.1,Jordan Love,GB,17.66,Jared Goff,DET,18.16,Drake Maye,NE,20.48,BYE,BYE,BYE,Marcus Mariota,WAS,14.74,J.J. McCarthy,MIN,9.32
NYG,QB,–,–,–,–,–,–,–,–,–,–,–,–,–,–,–,–,–,–,–,–,–,–,–,–,–,–,–,–,–,–,Malik Willis,GB,5.84,–,–,–,–,–,–,BYE,BYE,BYE,–,–,–,–,–,–
NYG,QB,–,–,–,–,–,–,–,–,–,–,–,–,–,–,–,–,–,–,–,–,–,Tanner McKee,PHI,-0.2,–,–,–,–,–,–,–,–,–,–,–,–,–,–,–,BYE,BYE,BYE,–,–,–,–,–,–
NYG,RB,Jacory Croskey-Merritt,WAS,14.2,Javonte Williams,DAL,25,Kareem Hunt,KC,11.4,Omarion Hampton,LAC,27.5,Alvin Kamara,NO,9.5,Saquon Barkley,PHI,8.7,J.K. Dobbins,DEN,9,Saquon Barkley,PHI,33.4,Christian McCaffrey,SF,34.3,D'Andre Swift,CHI,14.8,Emanuel Wilson,GB,13.9,Jahmyr Gibbs,DET,55.4,TreVeyon Henderson,NE,11.6,BYE,BYE,BYE,Jacory Croskey-Merritt,WAS,15.6,Aaron Jones,MIN,11.3
NYG,RB,Jeremy McNichols,WAS,2.5,Miles Sanders,DAL,9.9,Isiah Pacheco,KC,5.8,–,–,–,Kendre Miller,NO,5.9,AJ Dillon,PHI,2,RJ Harvey,DEN,7.2,Tank Bigsby,PHI,10.4,Brian Robinson,SF,11.3,Kyle Monangai,CHI,8.8,Josh Jacobs,GB,4,David Montgomery,DET,6.7,Rhamondre Stevenson,NE,11,BYE,BYE,BYE,Jeremy McNichols,WAS,1.2,Zavier Scott,MIN,2.2
NYG,RB,–,–,–,–,–,–,Brashard Smith,KC,1.3,–,–,–,–,–,–,–,–,–,Tyler Badie,DEN,3.9,Will Shipley,PHI,0.2,–,–,–,–,–,–,Chris Brooks,GB,0.8,–,–,–,–,–,–,BYE,BYE,BYE,–,–,–,Jordan Mason,MIN,2.1
NYG,WR,Deebo Samuel,WAS,22.6,CeeDee Lamb,DAL,20.2,Tyquan Thornton,KC,18.1,Quentin Johnston,LAC,23.8,Rashid Shaheed,NO,21.4,A.J. Brown,PHI,14,Courtland Sutton,DEN,16.7,DeVonta Smith,PHI,14.4,Jauan Jennings,SF,14.1,Rome Odunze,CHI,20.6,Christian Watson,GB,20.6,Amon-Ra St. Brown,DET,29.9,Kayshon Boutte,NE,13.5,BYE,BYE,BYE,Terry McLaurin,WAS,15.9,Justin Jefferson,MIN,14.5
NYG,WR,Noah Brown,WAS,4.7,George Pickens,DAL,17.8,JuJu Smith-Schuster,KC,9.5,Keenan Allen,LAC,8.7,Chris Olave,NO,12.9,DeVonta Smith,PHI,8.9,Marvin Mims,DEN,15.8,Jahan Dotson,PHI,11,Kendrick Bourne,SF,5.4,Luther Burden,CHI,8.1,Romeo Doubs,GB,9.3,Kalif Raymond,DET,5.7,Kyle Williams,NE,10.3,BYE,BYE,BYE,Deebo Samuel,WAS,7.3,Adam Thielen,MIN,8.9
NYG,WR,Terry McLaurin,WAS,4.7,KaVontae Turpin,DAL,15.3,Marquise Brown,KC,8.2,Ladd McConkey,LAC,2.1,Devaughn Vele,NO,3.3,Jahan Dotson,PHI,2.7,Troy Franklin,DEN,12.9,Xavier Gipson,PHI,1.3,Skyy Moore,SF,3.1,Olamide Zaccheaus,CHI,1.5,Savion Williams,GB,4.3,–,–,–,Demario Douglas,NE,6.3,BYE,BYE,BYE,Jaylin Lane,WAS,6,Jordan Addison,MIN,4.6
NYG,WR,Jaylin Lane,WAS,2.1,Jalen Tolbert,DAL,3.6,–,–,–,–,–,–,Brandin Cooks,NO,1.5,–,–,–,Pat Bryant,DEN,1.6,–,–,–,Jordan Watkins,SF,2.9,–,–,–,Matthew Golden,GB,3.4,–,–,–,Stefon Diggs,NE,5.6,BYE,BYE,BYE,Noah Brown,WAS,3.8,Tai Felton,MIN,1.6
NYG,WR,–,–,–,–,–,–,–,–,–,–,–,–,–,–,–,–,–,–,–,–,–,–,–,–,–,–,–,–,–,–,Dontayvion Wicks,GB,1.9,–,–,–,Mack Hollins,NE,5.3,BYE,BYE,BYE,–,–,–,–,–,–
NYG,WR,–,–,–,–,–,–,–,–,–,–,–,–,–,–,–,–,–,–,–,–,–,–,–,–,–,–,–,–,–,–,Bo Melton,GB,1.7,–,–,–,–,–,–,BYE,BYE,BYE,–,–,–,–,–,–
NYG,TE,Zach Ertz,WAS,11.6,Jake Ferguson,DAL,16.8,Travis Kelce,KC,6.6,Oronde Gadsden,LAC,3.6,Juwan Johnson,NO,3.7,Dallas Goedert,PHI,26,Evan Engram,DEN,9.2,Dallas Goedert,PHI,17.8,George Kittle,SF,6.9,Colston Loveland,CHI,9.5,Luke Musgrave,GB,0.9,Brock Wright,DET,5.9,Hunter Henry,NE,11.3,BYE,BYE,BYE,Ben Sinnott,WAS,4.6,Josh Oliver,MIN,3.9
NYG,TE,–,–,–,–,–,–,Noah Gray,KC,4.7,Tyler Conklin,LAC,1.3,Taysom Hill,NO,0.66,–,–,–,–,–,–,–,–,–,–,–,–,Cole Kmet,CHI,1.5,–,–,–,–,–,–,–,–,–,BYE,BYE,BYE,–,–,–,T.J. Hockenson,MIN,1.2
NYJ,QB,Aaron Rodgers,PIT,25.66,Josh Allen,BUF,11.82,Baker Mayfield,TB,17.72,Tua Tagovailoa,MIA,15.68,Dak Prescott,DAL,28.28,Bo Nix,DEN,13.36,Bryce Young,CAR,10.52,Joe Flacco,CIN,24.32,BYE,BYE,BYE,Dillon Gabriel,CLE,20.08,Drake Maye,NE,15.44,Lamar Jackson,BAL,7.22,Kirk Cousins,ATL,13.36,Tua Tagovailoa,MIA,9.08,Trevor Lawrence,JAX,44.3,Tyler Shough,NO,17.12
NYJ,QB,–,–,–,Mitchell Trubisky,BUF,0.98,–,–,–,–,–,–,–,–,–,–,–,–,–,–,–,–,–,–,BYE,BYE,BYE,–,–,–,–,–,–,–,–,–,–,–,–,–,–,–,–,–,–,–,–,–
NYJ,RB,Jaylen Warren,PIT,13.9,James Cook,BUF,26.5,Bucky Irving,TB,13.9,De'Von Achane,MIA,17.1,Javonte Williams,DAL,26.9,RJ Harvey,DEN,6.5,Rico Dowdle,CAR,10.6,Chase Brown,CIN,25.5,BYE,BYE,BYE,Quinshon Judkins,CLE,10.5,TreVeyon Henderson,NE,32.3,Derrick Henry,BAL,22.8,Bijan Robinson,ATL,30.3,De'Von Achane,MIA,17.5,Travis Etienne,JAX,31.5,–,–,–
NYJ,RB,Kenneth Gainwell,PIT,6.3,Ray Davis,BUF,2.4,Rachaad White,TB,2.4,Ollie Gordon,MIA,1,Jaydon Blue,DAL,0.7,J.K. Dobbins,DEN,4,Chuba Hubbard,CAR,7.5,Samaje Perine,CIN,17,BYE,BYE,BYE,Dylan Sampson,CLE,0.9,–,–,–,Keaton Mitchell,BAL,2.9,Tyler Allgeier,ATL,13.5,Jaylen Wright,MIA,16.7,Bhayshul Tuten,JAX,9.3,–,–,–
NYJ,RB,–,–,–,Ty Johnson,BUF,0.6,–,–,–,–,–,–,–,–,–,–,–,–,–,–,–,–,–,–,BYE,BYE,BYE,Jerome Ford,CLE,0.1,–,–,–,–,–,–,–,–,–,Ollie Gordon,MIA,7.7,LeQuint Allen,JAX,2.6,–,–,–
NYJ,RB,Kaleb Johnson,PIT,-0.2,–,–,–,–,–,–,–,–,–,–,–,–,–,–,–,–,–,–,–,–,–,BYE,BYE,BYE,–,–,–,–,–,–,–,–,–,–,–,–,–,–,–,–,–,–,–,–,–
NYJ,WR,Calvin Austin III,PIT,17,Elijah Moore,BUF,10.7,Emeka Egbuka,TB,14.5,Tyreek Hill,MIA,12.7,George Pickens,DAL,13.7,Marvin Mims,DEN,4.8,Xavier Legette,CAR,24.2,Ja'Marr Chase,CIN,21.1,BYE,BYE,BYE,Jerry Jeudy,CLE,19.8,Stefon Diggs,NE,19.5,Zay Flowers,BAL,11.9,Deven Thompkins,ATL,4.8,Jaylen Waddle,MIA,18.1,Brian Thomas Jr.,JAX,17.1,Chris Olave,NO,36.8
NYJ,WR,DK Metcalf,PIT,12.3,Joshua Palmer,BUF,6.7,Mike Evans,TB,13.3,Jaylen Waddle,MIA,7.8,–,–,–,Pat Bryant,DEN,4.2,Tetairoa McMillan,CAR,6.3,Tee Higgins,CIN,11.4,BYE,BYE,BYE,Malachi Corley,CLE,3.2,Mack Hollins,NE,10.4,Devontez Walker,BAL,4,Darnell Mooney,ATL,4.5,Malik Washington,MIA,4,Jakobi Meyers,JAX,12.1,Mason Tipton,NO,8.1
NYJ,WR,–,–,–,Keon Coleman,BUF,5.6,Sterling Shepard,TB,12,Malik Washington,MIA,4.1,–,–,–,Troy Franklin,DEN,3.1,Jimmy Horn,CAR,2.5,–,–,–,BYE,BYE,BYE,Cedric Tillman,CLE,3.1,Demario Douglas,NE,6.1,DeAndre Hopkins,BAL,3.3,–,–,–,–,–,–,Parker Washington,JAX,8.3,–,–,–
NYJ,WR,–,–,–,Khalil Shakir,BUF,2.2,–,–,–,Nick Westbrook-Ikhine,MIA,1.1,–,–,–,Courtland Sutton,DEN,2.7,–,–,–,–,–,–,BYE,BYE,BYE,–,–,–,–,–,–,–,–,–,–,–,–,–,–,–,–,–,–,–,–,–
NYJ,TE,Jonnu Smith,PIT,12.5,Dalton Kincaid,BUF,7.7,–,–,–,Darren Waller,MIA,17.7,Jake Ferguson,DAL,23.9,Evan Engram,DEN,9.9,Tommy Tremble,CAR,1,Noah Fant,CIN,7.1,BYE,BYE,BYE,David Njoku,CLE,10.1,Hunter Henry,NE,8.5,Mark Andrews,BAL,2.1,Kyle Pitts,ATL,15.2,Greg Dulcich,MIA,7.1,Brenton Strange,JAX,3.6,Juwan Johnson,NO,16.9
NYJ,TE,Pat Freiermuth,PIT,5.8,Dawson Knox,BUF,3.9,–,–,–,–,–,–,Luke Schoonmaker,DAL,1.3,–,–,–,–,–,–,–,–,–,BYE,BYE,BYE,Harold Fannin,CLE,8.4,–,–,–,Isaiah Likely,BAL,2,–,–,–,Darren Waller,MIA,2.7,–,–,–,Taysom Hill,NO,15.32
NYJ,TE,,,,,,,,,,,,,,,,,,,,,,,,,,,,,,,,,,,,,,,,,,,,,,Foster Moreau,NO,1.5
PHI,QB,Dak Prescott,DAL,7.82,Patrick Mahomes,KC,23.08,Matthew Stafford,LAR,14.84,Baker Mayfield,TB,19.86,Bo Nix,DEN,17.88,Jaxson Dart,NYG,23.6,Carson Wentz,MIN,13.32,Jaxson Dart,NYG,19.42,BYE,BYE,BYE,Jordan Love,GB,7.84,Jared Goff,DET,13.1,Dak Prescott,DAL,28.06,Caleb Williams,CHI,10.46,Justin Herbert,LAC,13.16,Kenny Pickett,LV,2.26,Marcus Mariota,WAS,3.7
PHI,RB,Javonte Williams,DAL,20.4,Kareem Hunt,KC,4.4,Kyren Williams,LAR,19.2,Bucky Irving,TB,25.5,J.K. Dobbins,DEN,15.4,Cam Skattebo,NYG,31,Jordan Mason,MIN,11.7,Cam Skattebo,NYG,10,BYE,BYE,BYE,Josh Jacobs,GB,19.7,Jahmyr Gibbs,DET,19.6,Javonte Williams,DAL,12.1,D'Andre Swift,CHI,20.8,Omarion Hampton,LAC,14.7,Ashton Jeanty,LV,8.2,Chris Rodriguez,WAS,13.9
PHI,RB,Miles Sanders,DAL,4,Isiah Pacheco,KC,3.9,Blake Corum,LAR,5.3,Rachaad White,TB,8.6,RJ Harvey,DEN,6,Devin Singletary,NYG,1,Zavier Scott,MIN,1.6,Tyrone Tracy,NYG,7.3,BYE,BYE,BYE,Emanuel Wilson,GB,1.4,David Montgomery,DET,4.7,–,–,–,Kyle Monangai,CHI,19,Kimani Vidal,LAC,11.4,Raheem Mostert,LV,1.2,Jacory Croskey-Merritt,WAS,8.5
PHI,RB,–,–,–,Brashard Smith,KC,0.2,–,–,–,–,–,–,Tyler Badie,DEN,2.6,Tyrone Tracy,NYG,0.6,–,–,–,Devin Singletary,NYG,3.8,BYE,BYE,BYE,–,–,–,–,–,–,–,–,–,–,–,–,–,–,–,Dylan Laube,LV,0.4,Jeremy McNichols,WAS,5.2
PHI,WR,CeeDee Lamb,DAL,18,Tyquan Thornton,KC,13.9,Puka Nacua,LAR,22.8,Emeka Egbuka,TB,20.1,Courtland Sutton,DEN,17.9,Wan'Dale Robinson,NYG,20.4,Jordan Addison,MIN,21.8,Wan'Dale Robinson,NYG,7.8,BYE,BYE,BYE,Dontayvion Wicks,GB,7.8,Jameson Williams,DET,19.7,George Pickens,DAL,29.6,Luther Burden,CHI,7.6,Keenan Allen,LAC,5.2,Jack Bech,LV,3.7,Terry McLaurin,WAS,8.3
PHI,WR,George Pickens,DAL,6,Marquise Brown,KC,8,Davante Adams,LAR,14.6,Chris Godwin,TB,5.6,Troy Franklin,DEN,8.5,Lil'Jordan Humphrey,NYG,9.5,Justin Jefferson,MIN,12.9,Darius Slayton,NYG,4.6,BYE,BYE,BYE,Christian Watson,GB,6.5,Amon-Ra St. Brown,DET,6.2,CeeDee Lamb,DAL,11.5,D.J. Moore,CHI,4.7,Tre Harris,LAC,3.1,–,–,–,Deebo Samuel,WAS,6.5
PHI,WR,KaVontae Turpin,DAL,4.7,JuJu Smith-Schuster,KC,1.5,Jordan Whittington,LAR,3.4,Sterling Shepard,TB,4,Marvin Mims,DEN,3.9,Jalin Hyatt,NYG,4.7,Jalen Nailor,MIN,5.7,–,–,–,BYE,BYE,BYE,Bo Melton,GB,4.8,–,–,–,KaVontae Turpin,DAL,4.2,Olamide Zaccheaus,CHI,3.9,Quentin Johnston,LAC,2.8,–,–,–,Treylon Burks,TEN,5
PHI,WR,Jalen Tolbert,DAL,1,–,–,–,–,–,–,Tez Johnson,TB,2.3,–,–,–,–,–,–,Adam Thielen,MIN,2,–,–,–,BYE,BYE,BYE,Savion Williams,GB,2.2,–,–,–,–,–,–,Rome Odunze,CHI,2.8,Ladd McConkey,LAC,2.2,–,–,–,–,–,–
PHI,WR,–,–,–,–,–,–,–,–,–,–,–,–,–,–,–,–,–,–,–,–,–,–,–,–,BYE,BYE,BYE,Romeo Doubs,GB,1.5,–,–,–,–,–,–,–,–,–,–,–,–,–,–,–,–,–,–
PHI,TE,Jake Ferguson,DAL,7.3,Travis Kelce,KC,10.1,Davis Allen,LAR,1.3,Cade Otton,TB,3.9,Evan Engram,DEN,13.3,Theo Johnson,NYG,4.7,T.J. Hockenson,MIN,10.3,Theo Johnson,NYG,5,BYE,BYE,BYE,Luke Musgrave,GB,5.3,Brock Wright,DET,2.8,Jake Ferguson,DAL,11.1,Cole Kmet,CHI,12.6,Oronde Gadsden,LAC,1.7,Brock Bowers,LV,8.8,Ben Sinnott,WAS,1.5
PHI,TE,–,–,–,Noah Gray,KC,1.1,–,–,–,–,–,–,Adam Trautman,DEN,2.1,–,–,–,Josh Oliver,MIN,1.9,Daniel Bellinger,NYG,3.1,BYE,BYE,BYE,–,–,–,–,–,–,–,–,–,Colston Loveland,CHI,5.8,Will Dissly,LAC,1.1,–,–,–,–,–,–
PIT,QB,Justin Fields,NYJ,29.52,Sam Darnold,SEA,17.8,Drake Maye,NE,20.22,Carson Wentz,MIN,23.2,BYE,BYE,BYE,Dillon Gabriel,CLE,8.84,Joe Flacco,CIN,25.98,Jordan Love,GB,28.3,Daniel Jones,IND,17.08,Justin Herbert,LAC,14.7,Joe Flacco,CIN,10.86,Caleb Williams,CHI,21.66,Josh Allen,BUF,17.72,Lamar Jackson,BAL,22.06,Tua Tagovailoa,MIA,17.22,Jared Goff,DET,26.46
PIT,RB,Breece Hall,NYJ,16.5,Kenneth Walker III,SEA,18.8,TreVeyon Henderson,NE,7.7,Zavier Scott,MIN,16.4,BYE,BYE,BYE,Jerome Ford,CLE,8,Chase Brown,CIN,12,Josh Jacobs,GB,13.5,Jonathan Taylor,IND,7.7,Kimani Vidal,LAC,17.8,Chase Brown,CIN,18.7,Kyle Monangai,CHI,10.8,James Cook,BUF,18.7,Derrick Henry,BAL,11.2,De'Von Achane,MIA,18.7,Jahmyr Gibbs,DET,22.8
PIT,RB,Braelon Allen,NYJ,6.9,Zach Charbonnet,SEA,1,Rhamondre Stevenson,NE,4.6,Jordan Mason,MIN,10.2,BYE,BYE,BYE,Dylan Sampson,CLE,4.4,Samaje Perine,CIN,3.1,Emanuel Wilson,GB,11.7,Tyler Goodson,IND,1.8,–,–,–,Tahj Brooks,CIN,0.5,D'Andre Swift,CHI,1.9,Ray Davis,BUF,6.2,Keaton Mitchell,BAL,7.6,Jaylen Wright,MIA,2.1,David Montgomery,DET,1.4
PIT,RB,Isaiah Davis,NYJ,1.8,–,–,–,Antonio Gibson,NE,0.8,–,–,–,BYE,BYE,BYE,Quinshon Judkins,CLE,3.6,–,–,–,–,–,–,–,–,–,–,–,–,Kendall Milton,CIN,0.2,–,–,–,Ty Johnson,BUF,5.5,Rasheen Ali,BAL,3.3,–,–,–,–,–,–
PIT,WR,Garrett Wilson,NYJ,22.5,Jaxon Smith-Njigba,SEA,18.3,Mack Hollins,NE,6.7,Justin Jefferson,MIN,22.6,BYE,BYE,BYE,Jerry Jeudy,CLE,9.3,Ja'Marr Chase,CIN,38.1,Christian Watson,GB,12.5,Michael Pittman,IND,20.5,Ladd McConkey,LAC,20.7,Tee Higgins,CIN,15.3,D.J. Moore,CHI,23.4,Keon Coleman,BUF,8.9,Zay Flowers,BAL,20.6,Jaylen Waddle,MIA,4.6,Kalif Raymond,DET,16.2
PIT,WR,Tyler Johnson,NYJ,5.1,Cooper Kupp,SEA,16,Stefon Diggs,NE,5.3,Jordan Addison,MIN,15.4,BYE,BYE,BYE,Jamari Thrash,CLE,3.3,Tee Higgins,CIN,21.6,Romeo Doubs,GB,9.4,Alec Pierce,IND,17.5,Quentin Johnston,LAC,9.2,Ja'Marr Chase,CIN,6,Luther Burden,CHI,9.1,Gabriel Davis,BUF,1.5,Rashod Bateman,BAL,4.3,Malik Washington,MIA,2,Isaac TeSlaa,DET,15.2
PIT,WR,Josh Reynolds,NYJ,3.8,Tory Horton,SEA,11.2,Kayshon Boutte,NE,4.8,Jalen Nailor,MIN,9.2,BYE,BYE,BYE,Isaiah Bond,CLE,2.9,Andrei Iosivas,CIN,7.9,Savion Williams,GB,7.9,Josh Downs,IND,15.7,Keenan Allen,LAC,3.9,Andrei Iosivas,CIN,5,Rome Odunze,CHI,8.3,Khalil Shakir,BUF,1.5,–,–,–,–,–,–,Jameson Williams,DET,12
PIT,WR,–,–,–,–,–,–,Demario Douglas,NE,2.7,Adam Thielen,MIN,3.1,BYE,BYE,BYE,–,–,–,–,–,–,Malik Heath,GB,5.9,Adonai Mitchell,NYJ,1.7,Tre Harris,LAC,2.4,–,–,–,Olamide Zaccheaus,CHI,1.6,–,–,–,–,–,–,–,–,–,Amon-Ra St. Brown,DET,9.4
PIT,WR,–,–,–,–,–,–,Kyle Williams,NE,1.8,–,–,–,BYE,BYE,BYE,–,–,–,–,–,–,Matthew Golden,GB,3.4,–,–,–,Derius Davis,LAC,1.3,–,–,–,–,–,–,–,–,–,–,–,–,–,–,–,–,–,–
PIT,TE,Jeremy Ruckert,NYJ,3.6,AJ Barner,SEA,10.8,Hunter Henry,NE,29,T.J. Hockenson,MIN,7.9,BYE,BYE,BYE,Harold Fannin,CLE,15.1,Noah Fant,CIN,14.4,Tucker Kraft,GB,33.3,Tyler Warren,IND,7.6,Oronde Gadsden,LAC,4.3,Noah Fant,CIN,6.6,Colston Loveland,CHI,14.9,Dawson Knox,BUF,5.8,Isaiah Likely,BAL,12.5,Darren Waller,MIA,25.6,–,–,–
PIT,TE,Mason Taylor,NYJ,3,Elijah Arroyo,SEA,5.1,Austin Hooper,NE,4.8,–,–,–,BYE,BYE,BYE,David Njoku,CLE,5.8,–,–,–,Luke Musgrave,GB,1.5,–,–,–,Tyler Conklin,LAC,2.2,–,–,–,Cole Kmet,CHI,1.3,–,–,–,Charlie Kolar,BAL,2.9,Greg Dulcich,MIA,6.6,–,–,–
PIT,TE,–,–,–,–,–,–,–,–,–,–,–,–,BYE,BYE,BYE,–,–,–,–,–,–,–,–,–,–,–,–,–,–,–,–,–,–,–,–,–,–,–,–,Mark Andrews,BAL,1.9,–,–,–,–,–,–
SEA,QB,Brock Purdy,SF,18.78,Aaron Rodgers,PIT,12.42,Spencer Rattler,NO,12.72,Kyler Murray,ARI,18.1,Baker Mayfield,TB,26.66,Trevor Lawrence,JAX,19.22,C.J. Stroud,HOU,14.66,BYE,BYE,BYE,Jayden Daniels,WAS,16.22,Jacoby Brissett,ARI,19.42,Matthew Stafford,LAR,13.2,Cam Ward,TEN,23.94,–,–,–,Kirk Cousins,ATL,4.48,–,–,–,Matthew Stafford,LAR,30.88
SEA,QB,–,–,–,Mason Rudolph,PIT,0.48,–,–,–,–,–,–,–,–,–,–,–,–,–,–,–,BYE,BYE,BYE,–,–,–,–,–,–,–,–,–,–,–,–,–,–,–,–,–,–,–,–,–,–,–,–
SEA,RB,Christian McCaffrey,SF,23.2,Jaylen Warren,PIT,17.4,Alvin Kamara,NO,6.6,Trey Benson,ARI,10.4,Rachaad White,TB,23.1,Travis Etienne,JAX,9.5,Woody Marks,HOU,12.5,BYE,BYE,BYE,Chris Rodriguez,WAS,12.5,Emari Demercado,ARI,13.4,Kyren Williams,LAR,16.6,Tony Pollard,TEN,8.1,Jordan Mason,MIN,5.8,Bijan Robinson,ATL,9.4,Jonathan Taylor,IND,13.1,Blake Corum,LAR,13.1
SEA,RB,Brian Robinson,SF,4.7,Kenneth Gainwell,PIT,6.6,Kendre Miller,NO,5.6,Emari Demercado,ARI,10.1,Sean Tucker,TB,2.9,Bhayshul Tuten,JAX,4.8,Nick Chubb,HOU,2.1,BYE,BYE,BYE,Jacory Croskey-Merritt,WAS,5.1,Zonovan Knight,ARI,4.3,Blake Corum,LAR,1.5,Tyjae Spears,TEN,6.5,Aaron Jones,MIN,4.5,Tyler Allgeier,ATL,8.7,–,–,–,Kyren Williams,LAR,11.5
SEA,RB,–,–,–,Kaleb Johnson,PIT,0.1,–,–,–,–,–,–,–,–,–,LeQuint Allen,JAX,2.2,–,–,–,BYE,BYE,BYE,–,–,–,Michael Carter,ARI,0.4,–,–,–,Julius Chestnut,TEN,0.3,Zavier Scott,MIN,3.1,–,–,–,–,–,–,–,–,–
SEA,WR,Ricky Pearsall,SF,14.8,DK Metcalf,PIT,11,Chris Olave,NO,15.7,Marvin Harrison Jr.,ARI,18.6,Emeka Egbuka,TB,31.3,Brian Thomas Jr.,JAX,23,Jaylin Noel,HOU,11.7,BYE,BYE,BYE,Deebo Samuel,WAS,9.4,Marvin Harrison Jr.,ARI,14.3,Puka Nacua,LAR,14.3,Chimere Dike,TEN,21.4,Jordan Addison,MIN,8.6,Darnell Mooney,ATL,1.6,Josh Downs,IND,10.3,Puka Nacua,LAR,46.5
SEA,WR,Jauan Jennings,SF,3.6,Calvin Austin III,PIT,3.2,Rashid Shaheed,NO,8.2,Greg Dortch,ARI,7.9,Sterling Shepard,TB,11.9,Tim Patrick,JAX,9.6,Nico Collins,HOU,6.7,BYE,BYE,BYE,Jaylin Lane,WAS,3.9,Michael Wilson,ARI,7.4,Davante Adams,LAR,7.1,Tyler Lockett,LV,10.2,Justin Jefferson,MIN,2.4,Deven Thompkins,ATL,1.4,Michael Pittman,IND,5.6,Konata Mumpfield,LAR,7
SEA,WR,–,–,–,Roman Wilson,PIT,1.7,Brandin Cooks,NO,5.4,Michael Wilson,ARI,4.5,Tez Johnson,TB,9.9,Travis Hunter,JAX,5.5,Xavier Hutchinson,HOU,2.3,BYE,BYE,BYE,Treylon Burks,WAS,2.4,Greg Dortch,ARI,6.2,Jordan Whittington,LAR,1.9,Xavier Restrepo,TEN,4.6,–,–,–,–,–,–,Alec Pierce,IND,2.6,Jordan Whittington,LAR,2.9
SEA,WR,–,–,–,–,–,–,–,–,–,–,–,–,Chris Godwin,TB,5.6,Parker Washington,JAX,4.9,–,–,–,BYE,BYE,BYE,–,–,–,–,–,–,–,–,–,Van Jefferson,TEN,2.1,–,–,–,–,–,–,–,–,–,–,–,–
SEA,WR,–,–,–,–,–,–,–,–,–,–,–,–,–,–,–,Dyami Brown,JAX,4,–,–,–,BYE,BYE,BYE,–,–,–,–,–,–,–,–,–,–,–,–,–,–,–,–,–,–,–,–,–,–,–,–
SEA,TE,George Kittle,SF,12.5,Jonnu Smith,PIT,6.7,Juwan Johnson,NO,11.1,Trey McBride,ARI,12.2,Cade Otton,TB,12.1,Hunter Long,JAX,3.9,Dalton Schultz,HOU,18.8,BYE,BYE,BYE,Zach Ertz,WAS,8.6,Trey McBride,ARI,27.7,Colby Parkinson,LAR,9.4,Gunnar Helm,TEN,11.1,T.J. Hockenson,MIN,11.9,Kyle Pitts,ATL,15,Tyler Warren,IND,4.9,Terrance Ferguson,LAR,12.3
SEA,TE,Jake Tonges,SF,10.5,Pat Freiermuth,PIT,6.1,–,–,–,–,–,–,–,–,–,–,–,–,–,–,–,BYE,BYE,BYE,–,–,–,Elijah Higgins,ARI,3.9,Tyler Higbee,LAR,3.3,Chigoziem Okonkwo,TEN,7,–,–,–,–,–,–,–,–,–,Davis Allen,LAR,5.4
SEA,TE,–,–,–,Darnell Washington,PIT,2,–,–,–,–,–,–,–,–,–,–,–,–,–,–,–,BYE,BYE,BYE,–,–,–,–,–,–,–,–,–,–,–,–,–,–,–,–,–,–,–,–,–,Colby Parkinson,LAR,4.1
SF,QB,Sam Darnold,SEA,5.4,Spencer Rattler,NO,21.68,Kyler Murray,ARI,14.06,Trevor Lawrence,JAX,11.66,Matthew Stafford,LAR,25.56,Baker Mayfield,TB,19.64,Michael Penix Jr.,ATL,12.24,C.J. Stroud,HOU,22.72,Jaxson Dart,NYG,27.24,Matthew Stafford,LAR,26.9,Jacoby Brissett,ARI,23.88,Bryce Young,CAR,10.26,Shedeur Sanders,CLE,10.56,BYE,BYE,BYE,Cam Ward,TEN,15,–,–,–
SF,QB,Jalen Milroe,SEA,0.1,–,–,–,–,–,–,–,–,–,–,–,–,–,–,–,–,–,–,–,–,–,–,–,–,–,–,–,–,–,–,–,–,–,–,–,–,BYE,BYE,BYE,–,–,–,–,–,–
SF,RB,Zach Charbonnet,SEA,10.7,Alvin Kamara,NO,16,Trey Benson,ARI,8.1,Travis Etienne,JAX,19.5,Kyren Williams,LAR,31.1,Rachaad White,TB,17.6,Bijan Robinson,ATL,21.2,Woody Marks,HOU,15.1,Devin Singletary,NYG,7.1,Kyren Williams,LAR,22.4,Zonovan Knight,ARI,14.5,Rico Dowdle,CAR,11.4,Quinshon Judkins,CLE,15.9,BYE,BYE,BYE,Tony Pollard,TEN,18.2,Jonathan Taylor,IND,16.9
SF,RB,Kenneth Walker III,SEA,5.4,Kendre Miller,NO,2,James Conner,ARI,6.7,Bhayshul Tuten,JAX,3.2,Blake Corum,LAR,1.3,Sean Tucker,TB,8.5,Tyler Allgeier,ATL,1.6,Nick Chubb,HOU,8.9,Tyrone Tracy,NYG,6.7,Blake Corum,LAR,5.6,Michael Carter,ARI,7.8,Chuba Hubbard,CAR,8.3,Jerome Ford,CLE,4.7,BYE,BYE,BYE,Tyjae Spears,TEN,5.6,Tyler Goodson,IND,0.9
SF,RB,–,–,–,–,–,–,–,–,–,LeQuint Allen,JAX,1.7,–,–,–,–,–,–,–,–,–,–,–,–,–,–,–,–,–,–,Emari Demercado,ARI,4,–,–,–,Dylan Sampson,CLE,2.3,BYE,BYE,BYE,Kalel Mullings,TEN,0.3,–,–,–
SF,WR,Jaxon Smith-Njigba,SEA,19.4,Rashid Shaheed,NO,15.2,Marvin Harrison Jr.,ARI,7.4,Brian Thomas Jr.,JAX,10.6,Puka Nacua,LAR,24.5,Tez Johnson,TB,11.5,Darnell Mooney,ATL,9.8,Xavier Hutchinson,HOU,17.9,Wan'Dale Robinson,NYG,13.6,Davante Adams,LAR,19.7,Michael Wilson,ARI,33.5,Tetairoa McMillan,CAR,11.5,Jerry Jeudy,CLE,5.6,BYE,BYE,BYE,Van Jefferson,TEN,5.3,Alec Pierce,IND,24.6
SF,WR,Cooper Kupp,SEA,3.5,Chris Olave,NO,11.4,Zay Jones,ARI,4.5,Travis Hunter,JAX,7.2,Davante Adams,LAR,13.8,Sterling Shepard,TB,7.1,Drake London,ATL,8.2,Jayden Higgins,HOU,13.4,Darius Slayton,NYG,11.2,Puka Nacua,LAR,17.4,Greg Dortch,ARI,18.6,Jalen Coker,CAR,6.2,Isaiah Bond,CLE,3.7,BYE,BYE,BYE,Chimere Dike,TEN,5,Josh Downs,IND,11.8
SF,WR,–,–,–,Devaughn Vele,NO,7.3,Greg Dortch,ARI,2.8,Parker Washington,JAX,5.9,Tutu Atwell,LAR,9.2,Emeka Egbuka,TB,4.4,–,–,–,Jaylin Noel,HOU,11.3,–,–,–,–,–,–,–,–,–,Xavier Legette,CAR,5.2,Malachi Corley,CLE,0.9,BYE,BYE,BYE,Tyler Lockett,LV,3,Michael Pittman,IND,7.2
SF,WR,–,–,–,Brandin Cooks,NO,4.6,Michael Wilson,ARI,1.5,Tim Patrick,JAX,0.9,Jordan Whittington,LAR,5.3,–,–,–,–,–,–,–,–,–,–,–,–,–,–,–,–,–,–,Jimmy Horn,CAR,2.1,–,–,–,BYE,BYE,BYE,Elic Ayomanor,TEN,2.7,–,–,–
SF,TE,Elijah Arroyo,SEA,1.7,Juwan Johnson,NO,15.9,Trey McBride,ARI,15.3,Hunter Long,JAX,11.3,Davis Allen,LAR,4.4,Cade Otton,TB,10.1,Kyle Pitts,ATL,13.2,Dalton Schultz,HOU,4.4,Theo Johnson,NYG,11.7,Colby Parkinson,LAR,14.1,Trey McBride,ARI,27.5,Ja'Tavion Sanders,CAR,1.6,Harold Fannin,CLE,11.3,BYE,BYE,BYE,Gunnar Helm,TEN,14.9,Tyler Warren,IND,6
SF,TE,AJ Barner,SEA,1.2,–,–,–,Tip Reiman,ARI,2.8,Brenton Strange,JAX,10.5,Terrance Ferguson,LAR,3.1,–,–,–,–,–,–,–,–,–,–,–,–,Davis Allen,LAR,8.8,Elijah Higgins,ARI,1.1,–,–,–,David Njoku,CLE,2.4,BYE,BYE,BYE,Chigoziem Okonkwo,TEN,7.3,Andrew Ogletree,IND,2.1
SF,TE,–,–,–,–,–,–,Elijah Higgins,ARI,1.7,–,–,–,–,–,–,–,–,–,–,–,–,–,–,–,–,–,–,Tyler Higbee,LAR,6.3,–,–,–,–,–,–,–,–,–,BYE,BYE,BYE,–,–,–,–,–,–
SF,TE,–,–,–,–,–,–,–,–,–,–,–,–,–,–,–,–,–,–,–,–,–,–,–,–,–,–,–,Terrance Ferguson,LAR,4.2,–,–,–,–,–,–,–,–,–,BYE,BYE,BYE,–,–,–,–,–,–
TB,QB,Michael Penix Jr.,ATL,24.02,C.J. Stroud,HOU,14.98,Tyrod Taylor,NYJ,17.68,Jalen Hurts,PHI,19.4,Sam Darnold,SEA,28.64,Mac Jones,SF,13.18,Jared Goff,DET,11.34,Tyler Shough,NO,5.32,BYE,BYE,BYE,Drake Maye,NE,19.1,Josh Allen,BUF,44.68,Matthew Stafford,LAR,22.92,Jacoby Brissett,ARI,20.64,Tyler Shough,NO,22.26,Kirk Cousins,ATL,26.92,Bryce Young,CAR,17.64
TB,QB,–,–,–,–,–,–,–,–,–,–,–,–,–,–,–,–,–,–,–,–,–,Spencer Rattler,NO,3.64,BYE,BYE,BYE,–,–,–,–,–,–,–,–,–,–,–,–,–,–,–,–,–,–,–,–,–
TB,QB,–,–,–,–,–,–,–,–,–,–,–,–,Jalen Milroe,SEA,-2,–,–,–,–,–,–,–,–,–,BYE,BYE,BYE,–,–,–,–,–,–,–,–,–,–,–,–,–,–,–,–,–,–,–,–,–
TB,RB,Bijan Robinson,ATL,24.4,Nick Chubb,HOU,15.2,Breece Hall,NYJ,9.2,Saquon Barkley,PHI,17.4,Zach Charbonnet,SEA,11.8,Christian McCaffrey,SF,24.1,Jahmyr Gibbs,DET,36.8,Alvin Kamara,NO,6.5,BYE,BYE,BYE,TreVeyon Henderson,NE,28,James Cook,BUF,20.4,Kyren Williams,LAR,5.8,Zonovan Knight,ARI,16.8,Devin Neal,NO,15.4,Bijan Robinson,ATL,29.5,Rico Dowdle,CAR,8.3
TB,RB,Tyler Allgeier,ATL,2.4,Woody Marks,HOU,6.1,Braelon Allen,NYJ,6.7,AJ Dillon,PHI,1.7,Kenneth Walker III,SEA,9.6,Brian Robinson,SF,3.8,David Montgomery,DET,5.9,Devin Neal,NO,4.1,BYE,BYE,BYE,–,–,–,Ty Johnson,BUF,15,Blake Corum,LAR,2.4,Michael Carter,ARI,11.4,–,–,–,Tyler Allgeier,ATL,1.8,Chuba Hubbard,CAR,4.4
TB,WR,Drake London,ATL,13.5,Nico Collins,HOU,14.2,Garrett Wilson,NYJ,24.4,DeVonta Smith,PHI,4.9,Jaxon Smith-Njigba,SEA,27.2,Kendrick Bourne,SF,19.2,Amon-Ra St. Brown,DET,20.6,Rashid Shaheed,NO,14.5,BYE,BYE,BYE,Mack Hollins,NE,16.6,Gabriel Davis,BUF,7,Davante Adams,LAR,23.2,Marvin Harrison Jr.,ARI,12.9,Devaughn Vele,NO,7,Darnell Mooney,ATL,6.5,Tetairoa McMillan,CAR,19.3
TB,WR,Ray-Ray McCloud,ATL,8.1,Xavier Hutchinson,HOU,4.9,Allen Lazard,NYJ,9.3,John Metchie,PHI,3,Tory Horton,SEA,12.9,Demarcus Robinson,SF,6.4,Kalif Raymond,DET,4.7,Chris Olave,NO,14,BYE,BYE,BYE,Stefon Diggs,NE,15.6,Curtis Samuel,BUF,3.9,Puka Nacua,LAR,16.7,Michael Wilson,ARI,6.6,Chris Olave,NO,6,–,–,–,Jalen Coker,CAR,7.7
TB,WR,–,–,–,Jayden Higgins,HOU,3.8,Tyler Johnson,NYJ,5.2,A.J. Brown,PHI,2.7,Cooper Kupp,SEA,11.9,Marquez Valdes-Scantling,SF,4.2,–,–,–,Brandin Cooks,NO,5.2,BYE,BYE,BYE,Kyle Williams,NE,14.2,Joshua Palmer,BUF,3.7,Jordan Whittington,LAR,4.7,Greg Dortch,ARI,3.4,–,–,–,–,–,–,Jimmy Horn,CAR,2.5
TB,WR,–,–,–,Justin Watson,HOU,1.3,Arian Smith,NYJ,2.2,–,–,–,–,–,–,Jauan Jennings,SF,1.7,–,–,–,Devaughn Vele,NO,2,BYE,BYE,BYE,Demario Douglas,NE,5.4,Khalil Shakir,BUF,0.7,Konata Mumpfield,LAR,4.5,–,–,–,–,–,–,–,–,–,Xavier Legette,CAR,2.2
TB,TE,Kyle Pitts,ATL,12.9,Dalton Schultz,HOU,5.9,Mason Taylor,NYJ,5.8,Dallas Goedert,PHI,19.7,AJ Barner,SEA,24.3,Jake Tonges,SF,11.8,Brock Wright,DET,5.3,Juwan Johnson,NO,10.3,BYE,BYE,BYE,Hunter Henry,NE,1.9,Dawson Knox,BUF,3.3,Colby Parkinson,LAR,14.1,Trey McBride,ARI,22.2,Juwan Johnson,NO,7.8,Kyle Pitts,ATL,45.6,Ja'Tavion Sanders,CAR,8.9
TB,TE,–,–,–,–,–,–,–,–,–,Grant Calcaterra,PHI,2.6,Elijah Arroyo,SEA,2,–,–,–,Sam LaPorta,DET,4.5,Taysom Hill,NO,2.2,BYE,BYE,BYE,–,–,–,–,–,–,Davis Allen,LAR,5.9,Elijah Higgins,ARI,3.7,Foster Moreau,NO,2.6,–,–,–,Mitchell Evans,CAR,5.3
TB,TE,,,,,,,,,,,,,,,,,,,,,,,,,,,,,,,,,,,,,,,,,,,,,,Tommy Tremble,CAR,1.6
TEN,QB,Bo Nix,DEN,8.84,Matthew Stafford,LAR,18.32,Daniel Jones,IND,15.82,C.J. Stroud,HOU,18.42,Kyler Murray,ARI,15.3,Geno Smith,LV,9.66,Drake Maye,NE,23.08,Daniel Jones,IND,23.18,Justin Herbert,LAC,28.7,BYE,BYE,BYE,Davis Mills,HOU,16.36,Sam Darnold,SEA,17.66,Trevor Lawrence,JAX,21.66,Shedeur Sanders,CLE,34.46,Brock Purdy,SF,26.2,Gardner Minshew,KC,1.4
TEN,QB,–,–,–,–,–,–,–,–,–,–,–,–,–,–,–,–,–,–,–,–,–,Riley Leonard,IND,0.1,–,–,–,BYE,BYE,BYE,–,–,–,–,–,–,–,–,–,–,–,–,–,–,–,–,–,–
TEN,QB,–,–,–,–,–,–,Anthony Richardson,IND,-0.1,–,–,–,–,–,–,–,–,–,–,–,–,–,–,–,–,–,–,BYE,BYE,BYE,–,–,–,–,–,–,–,–,–,–,–,–,–,–,–,–,–,–
TEN,RB,J.K. Dobbins,DEN,14.8,Blake Corum,LAR,10.4,Jonathan Taylor,IND,32.8,Woody Marks,HOU,27.9,Emari Demercado,ARI,6.1,Ashton Jeanty,LV,16.6,Rhamondre Stevenson,NE,16.8,Jonathan Taylor,IND,37.4,Kimani Vidal,LAC,3,BYE,BYE,BYE,Woody Marks,HOU,6.1,Kenneth Walker III,SEA,13.1,Bhayshul Tuten,JAX,8.9,Dylan Sampson,CLE,9.8,Christian McCaffrey,SF,15.7,Isiah Pacheco,KC,13.5
TEN,RB,RJ Harvey,DEN,7.9,Kyren Williams,LAR,10,Tyler Goodson,IND,0.6,Nick Chubb,HOU,8.2,–,–,–,–,–,–,TreVeyon Henderson,NE,0.5,Tyler Goodson,IND,0.2,–,–,–,BYE,BYE,BYE,Nick Chubb,HOU,1.7,Zach Charbonnet,SEA,9.5,Travis Etienne,JAX,5.1,Quinshon Judkins,CLE,9.4,Brian Robinson,SF,2.1,Brashard Smith,KC,1.4
TEN,RB,Tyler Badie,DEN,3.6,–,–,–,DJ Giddens,IND,0.3,–,–,–,–,–,–,–,–,–,–,–,–,–,–,–,–,–,–,BYE,BYE,BYE,–,–,–,–,–,–,LeQuint Allen,JAX,2,Jerome Ford,CLE,3,–,–,–,Kareem Hunt,KC,0.2
TEN,RB,–,–,–,–,–,–,–,–,–,–,–,–,–,–,–,Raheem Mostert,LV,-0.4,–,–,–,–,–,–,–,–,–,BYE,BYE,BYE,–,–,–,–,–,–,–,–,–,–,–,–,–,–,–,–,–,–
TEN,WR,Courtland Sutton,DEN,18.1,Puka Nacua,LAR,27.6,Michael Pittman,IND,19.3,Nico Collins,HOU,11.9,Marvin Harrison Jr.,ARI,13.8,Tre Tucker,LV,12,Stefon Diggs,NE,13.9,Michael Pittman,IND,23.5,Quentin Johnston,LAC,15.3,BYE,BYE,BYE,Nico Collins,HOU,24.2,Jaxon Smith-Njigba,SEA,37.1,Jakobi Meyers,JAX,21.3,Jerry Jeudy,CLE,16.6,Jauan Jennings,SF,18.7,Xavier Worthy,KC,6.1
TEN,WR,Troy Franklin,DEN,8.4,Davante Adams,LAR,22.6,Alec Pierce,IND,10.7,Jayden Higgins,HOU,9.4,Michael Wilson,ARI,3.6,Jakobi Meyers,LV,7.9,Kayshon Boutte,NE,13.5,Josh Downs,IND,12.9,Ladd McConkey,LAC,9.6,BYE,BYE,BYE,Jayden Higgins,HOU,9.5,Cooper Kupp,SEA,4.4,Brian Thomas Jr.,JAX,4.8,Cedric Tillman,CLE,3.3,Ricky Pearsall,SF,15.6,Marquise Brown,KC,5.2
TEN,WR,Marvin Mims,DEN,2.2,Jordan Whittington,LAR,6.2,Josh Downs,IND,5.4,Christian Kirk,HOU,5,Greg Dortch,ARI,3.2,–,–,–,Mack Hollins,NE,7.3,Alec Pierce,IND,8.9,Keenan Allen,LAC,6.1,BYE,BYE,BYE,Xavier Hutchinson,HOU,7.2,Rashid Shaheed,SEA,0.5,Parker Washington,JAX,3.6,Malachi Corley,CLE,0.2,Marquez Valdes-Scantling,SF,8.9,JuJu Smith-Schuster,KC,2.2
TEN,WR,–,–,–,–,–,–,–,–,–,Xavier Hutchinson,HOU,3.7,Zay Jones,ARI,2.8,–,–,–,Demario Douglas,NE,4.7,Ashton Dulin,IND,0.2,Tre Harris,LAC,3.8,BYE,BYE,BYE,Jaylin Noel,HOU,2.2,–,–,–,Tim Patrick,JAX,2.1,–,–,–,Demarcus Robinson,SF,5.6,–,–,–
TEN,WR,–,–,–,–,–,–,–,–,–,Jaylin Noel,HOU,1,–,–,–,–,–,–,–,–,–,–,–,–,–,–,–,BYE,BYE,BYE,Christian Kirk,HOU,1.6,–,–,–,–,–,–,–,–,–,Kendrick Bourne,SF,3.7,–,–,–
TEN,TE,Evan Engram,DEN,5.1,Davis Allen,LAR,7.8,Tyler Warren,IND,6.8,Dalton Schultz,HOU,8,Trey McBride,ARI,9.1,Michael Mayer,LV,16,Austin Hooper,NE,9.1,Tyler Warren,IND,9.3,Oronde Gadsden,LAC,11.8,BYE,BYE,BYE,Dalton Schultz,HOU,11.1,AJ Barner,SEA,3.8,Brenton Strange,JAX,13.5,Harold Fannin,CLE,25.4,George Kittle,SF,22.8,Travis Kelce,KC,1.6
TEN,TE,Adam Trautman,DEN,1.5,Tyler Higbee,LAR,7.7,–,–,–,–,–,–,Elijah Higgins,ARI,3,–,–,–,Hunter Henry,NE,7.3,–,–,–,–,–,–,BYE,BYE,BYE,–,–,–,Elijah Arroyo,SEA,1.5,–,–,–,David Njoku,CLE,7.1,–,–,–,–,–,–
WAS,QB,Russell Wilson,NYG,11.12,Jordan Love,GB,20.88,Geno Smith,LV,26.06,Michael Penix Jr.,ATL,19.72,Justin Herbert,LAC,15.64,Caleb Williams,CHI,19.88,Dak Prescott,DAL,23.26,Patrick Mahomes,KC,24.96,Sam Darnold,SEA,28.2,Jared Goff,DET,24.8,Tua Tagovailoa,MIA,6.84,BYE,BYE,BYE,Bo Nix,DEN,17.44,J.J. McCarthy,MIN,20.42,Jaxson Dart,NYG,23.14,Jalen Hurts,PHI,19.4
WAS,QB,–,–,–,–,–,–,–,–,–,–,–,–,Trey Lance,LAC,2.86,–,–,–,–,–,–,–,–,–,–,–,–,–,–,–,–,–,–,BYE,BYE,BYE,–,–,–,–,–,–,–,–,–,–,–,–
WAS,RB,Tyrone Tracy,NYG,5.5,Josh Jacobs,GB,14.4,Ashton Jeanty,LV,6.3,Bijan Robinson,ATL,28.1,Omarion Hampton,LAC,13,D'Andre Swift,CHI,25.5,Javonte Williams,DAL,18.8,Kareem Hunt,KC,17.2,Kenneth Walker III,SEA,8.1,Jahmyr Gibbs,DET,38.2,De'Von Achane,MIA,21.5,BYE,BYE,BYE,RJ Harvey,DEN,21.2,Jordan Mason,MIN,11.2,Tyrone Tracy,NYG,24.7,Saquon Barkley,PHI,21.2
WAS,RB,Cam Skattebo,NYG,2.9,Chris Brooks,GB,5.7,Zamir White,LV,3.3,Tyler Allgeier,ATL,11.1,Kimani Vidal,LAC,2.9,Kyle Monangai,CHI,5.4,Jaydon Blue,DAL,4.4,Isiah Pacheco,KC,5.8,Zach Charbonnet,SEA,5.6,David Montgomery,DET,10.1,Ollie Gordon,MIA,10.5,BYE,BYE,BYE,Tyler Badie,DEN,4.8,Aaron Jones,MIN,7.6,Devin Singletary,NYG,2.4,Tank Bigsby,PHI,9.7
WAS,RB,Devin Singletary,NYG,0.9,–,–,–,Dylan Laube,LV,0.2,–,–,–,Hassan Haskins,LAC,2.5,Roschon Johnson,CHI,0.6,–,–,–,Brashard Smith,KC,0.8,George Holani,SEA,0.9,Sione Vaki,DET,0.4,Jaylen Wright,MIA,0.4,BYE,BYE,BYE,Jaleel McLaughlin,DEN,4,Zavier Scott,MIN,3,–,–,–,Audric Estime,PHI,6.6
WAS,WR,Malik Nabers,NYG,12.1,Romeo Doubs,GB,11.8,Tre Tucker,LV,40.9,Drake London,ATL,25,Ladd McConkey,LAC,14.9,Luther Burden,CHI,9.1,CeeDee Lamb,DAL,22,Rashee Rice,KC,25.5,Jaxon Smith-Njigba,SEA,22,Jameson Williams,DET,23.9,Jaylen Waddle,MIA,8.2,BYE,BYE,BYE,Courtland Sutton,DEN,17.2,Jordan Addison,MIN,10.2,Wan'Dale Robinson,NYG,16.4,A.J. Brown,PHI,18.5
WAS,WR,Wan'Dale Robinson,NYG,11.5,Dontayvion Wicks,GB,8.4,Jakobi Meyers,LV,9.3,Darnell Mooney,ATL,2.5,Keenan Allen,LAC,10.8,D.J. Moore,CHI,8.2,George Pickens,DAL,12.2,Xavier Worthy,KC,10.3,Tory Horton,SEA,20.8,Amon-Ra St. Brown,DET,16.8,Malik Washington,MIA,7.2,BYE,BYE,BYE,Pat Bryant,DEN,7.2,Jalen Nailor,MIN,6,Lil'Jordan Humphrey,NYG,13.2,DeVonta Smith,PHI,16.2
WAS,WR,–,–,–,Malik Heath,GB,4.7,Dont'e Thornton,LV,4.9,Ray-Ray McCloud,ATL,0.3,Quentin Johnston,LAC,6.9,Rome Odunze,CHI,5.2,KaVontae Turpin,DAL,2.7,JuJu Smith-Schuster,KC,4.9,–,–,–,Kalif Raymond,DET,9.9,–,–,–,BYE,BYE,BYE,Troy Franklin,DEN,4.1,Justin Jefferson,MIN,3.1,Darius Slayton,NYG,9.3,Jahan Dotson,PHI,4.3
WAS,WR,–,–,–,Savion Williams,GB,2.4,Jack Bech,LV,2,–,–,–,–,–,–,Olamide Zaccheaus,CHI,4.8,Jalen Tolbert,DAL,2.6,–,–,–,–,–,–,Isaac TeSlaa,DET,2.1,–,–,–,BYE,BYE,BYE,Marvin Mims,DEN,3.7,Tai Felton,MIN,2,–,–,–,–,–,–
WAS,WR,–,–,–,Matthew Golden,GB,1.5,–,–,–,–,–,–,–,–,–,–,–,–,–,–,–,–,–,–,–,–,–,–,–,–,–,–,–,BYE,BYE,BYE,–,–,–,Adam Thielen,MIN,1.4,–,–,–,–,–,–
WAS,WR,Xavier Gipson,NYG,-2,–,–,–,–,–,–,–,–,–,–,–,–,–,–,–,–,–,–,–,–,–,–,–,–,–,–,–,–,–,–,BYE,BYE,BYE,–,–,–,–,–,–,–,–,–,–,–,–
WAS,TE,Daniel Bellinger,NYG,2.4,Tucker Kraft,GB,24.4,Brock Bowers,LV,9.8,Kyle Pitts,ATL,18,Tyler Conklin,LAC,5,Colston Loveland,CHI,3.1,Jake Ferguson,DAL,21.9,Travis Kelce,KC,21.9,AJ Barner,SEA,11.5,Sam LaPorta,DET,10.3,Greg Dulcich,MIA,3.8,BYE,BYE,BYE,Evan Engram,DEN,13.9,Josh Oliver,MIN,16.4,Theo Johnson,NYG,10.2,Dallas Goedert,PHI,12.2
WAS,TE,Theo Johnson,NYG,1.5,Luke Musgrave,GB,5.2,–,–,–,–,–,–,Oronde Gadsden,LAC,2.4,Cole Kmet,CHI,1,–,–,–,Noah Gray,KC,4.3,Elijah Arroyo,SEA,10.9,–,–,–,–,–,–,BYE,BYE,BYE,Adam Trautman,DEN,7.7,T.J. Hockenson,MIN,9.2,Daniel Bellinger,NYG,6.5,–,–,–